HttpVerb,RouteTemplate,ControllerFile,MethodName,Status,FrontendMethod,FrontendRouteLiteral,FrontendFile,Note
POST,api/Auth/login,AuthController.cs,Login,wired,POST,/api/Auth/login,Frontend/actions/auth/login.ts:10,matched method and normalized route in actions
POST,api/Auth/patient/login,AuthController.cs,PatientLogin,wired,POST,/api/Auth/patient/login,Frontend/actions/auth/patientLogin.ts:13,matched method and normalized route in actions
POST,api/Auth/refresh,AuthController.cs,Refresh,wired,POST,/api/auth/refresh,Frontend/actions/auth/refresh-token.ts:20,matched method and normalized route in actions
GET,api/Auth/me,AuthController.cs,GetMe,wired,GET,/api/auth/me,Frontend/actions/queue/open-my-session.ts:24,matched method and normalized route in actions
POST,api/clinic/bookings,BookingsController.cs,Create,wired,POST,/api/clinic/bookings/,Frontend/actions/booking/cancel-booking.ts:13,matched method and normalized route in actions
POST,api/clinic/bookings/{id:guid}/cancel,BookingsController.cs,Cancel,wired,POST,/api/clinic/bookings/${bookingId}/cancel,Frontend/actions/booking/cancel-booking.ts:13,matched method and normalized route in actions
POST,api/clinic/bookings/{id:guid}/reschedule,BookingsController.cs,Reschedule,wired,POST,/api/clinic/bookings/${bookingId}/reschedule,Frontend/actions/booking/reschedule-booking.ts:17,matched method and normalized route in actions
GET,api/clinic/bookings/{id:guid},BookingsController.cs,GetById,wired,GET,/api/clinic/bookings/${bookingId},Frontend/actions/booking/get-booking.ts:37,matched method and normalized route in actions
GET,api/clinic/bookings,BookingsController.cs,GetAll,wired,GET,/api/clinic/bookings,Frontend/actions/booking/get-booking.ts:17,matched method and normalized route in actions
GET,api/clinic/bookings/my,BookingsController.cs,GetMyBookings,wired,GET,/api/clinic/bookings/my,Frontend/actions/patient-app/get-my-bookings.ts:11,matched method and normalized route in actions
GET,api/clinic/services,ClinicServicesController.cs,GetAll,wired,GET,/api/clinic/services,Frontend/actions/service/clinic-services.ts:22,matched method and normalized route in actions
GET,api/clinic/services/{id:guid},ClinicServicesController.cs,GetById,wired,GET,/api/clinic/services/${id},Frontend/actions/service/clinic-services.ts:37,matched method and normalized route in actions
POST,api/clinic/services,ClinicServicesController.cs,Create,wired,POST,/api/clinic/services,Frontend/actions/service/clinic-services.ts:49,matched method and normalized route in actions
PATCH,api/clinic/services/{id:guid},ClinicServicesController.cs,Update,wired,PATCH,/api/clinic/services/${id},Frontend/actions/service/clinic-services.ts:64,matched method and normalized route in actions
DELETE,api/clinic/services/{id:guid},ClinicServicesController.cs,Delete,wired,DELETE,/api/clinic/services/${id},Frontend/actions/service/clinic-services.ts:78,matched method and normalized route in actions
GET,api/clinic/services/doctors/{doctorId:guid}/links,ClinicServicesController.cs,GetDoctorLinks,wired,GET,/api/clinic/services/doctors/${doctorId}/links,Frontend/actions/service/doctor-services.ts:15,matched method and normalized route in actions
PUT,api/clinic/services/doctors/{doctorId:guid}/links/{clinicServiceId:guid},ClinicServicesController.cs,UpsertDoctorLink,wired,PUT,/api/clinic/services/doctors/${doctorId}/links/${clinicServiceId},Frontend/actions/service/doctor-services.ts:33,matched method and normalized route in actions
DELETE,api/clinic/services/doctors/{doctorId:guid}/links/{clinicServiceId:guid},ClinicServicesController.cs,RemoveDoctorLink,wired,DELETE,/api/clinic/services/doctors/${doctorId}/links/${clinicServiceId},Frontend/actions/service/doctor-services.ts:51,matched method and normalized route in actions
GET,api/clinic/settings,ClinicSettingsController.cs,GetSettings,wired,GET,/api/clinic/settings,Frontend/actions/settings/get-settings.ts:10,matched method and normalized route in actions
PUT,api/clinic/settings,ClinicSettingsController.cs,UpdateSettings,wired,PUT,/api/clinic/settings,Frontend/actions/settings/update-settings.ts:9,matched method and normalized route in actions
PATCH,api/clinic/settings,ClinicSettingsController.cs,PatchSettings,wired,PATCH,/api/clinic/settings,Frontend/actions/settings/update-settings.ts:26,matched method and normalized route in actions
GET,api/clinic/settings/payment-options,ClinicSettingsController.cs,GetPaymentOptions,wired,GET,/api/clinic/settings/payment-options,Frontend/actions/settings/get-settings.ts:19,matched method and normalized route in actions
PUT,api/clinic/settings/payment-methods,ClinicSettingsController.cs,ReplacePaymentMethods,wired,PUT,/api/clinic/settings/payment-methods,Frontend/actions/settings/update-settings.ts:43,matched method and normalized route in actions
POST,api/clinic/doctor-notes,DoctorNotesController.cs,Create,wired,POST,/api/clinic/doctor-notes,Frontend/actions/notes/notes.ts:8,matched method and normalized route in actions
GET,api/clinic/doctor-notes/unread,DoctorNotesController.cs,GetUnread,wired,GET,/api/clinic/doctor-notes/unread,Frontend/actions/notes/notes.ts:28,matched method and normalized route in actions
GET,api/clinic/doctor-notes,DoctorNotesController.cs,GetAll,wired,GET,/api/clinic/doctor-notes,Frontend/actions/notes/notes.ts:17,matched method and normalized route in actions
POST,api/clinic/doctor-notes/{id:guid}/read,DoctorNotesController.cs,MarkAsRead,wired,POST,/api/clinic/doctor-notes/${noteId}/read,Frontend/actions/notes/notes.ts:38,matched method and normalized route in actions
POST,api/clinic/doctors,DoctorsController.cs,CreateDoctor,wired,POST,/api/clinic/doctors,Frontend/actions/doctor/create-doctor.ts:32,matched method and normalized route in actions
GET,api/clinic/doctors,DoctorsController.cs,GetAllDoctors,wired,GET,/api/clinic/doctors/,Frontend/actions/doctor/get-doctor.ts:11,matched method and normalized route in actions
GET,api/clinic/doctors/me,DoctorsController.cs,GetMyProfile,wired,GET,/api/clinic/doctors/me,Frontend/actions/doctor/get-doctor.ts:21,matched method and normalized route in actions
GET,api/clinic/doctors/{id:guid},DoctorsController.cs,GetDoctorById,wired,GET,/api/clinic/doctors/${doctorId},Frontend/actions/doctor/get-doctor.ts:11,matched method and normalized route in actions
PUT,api/clinic/doctors/{id:guid},DoctorsController.cs,UpdateDoctor,wired,PUT,/api/clinic/doctors/${id},Frontend/actions/doctor/update-doctor.ts:14,matched method and normalized route in actions
PATCH,api/clinic/doctors/{id:guid},DoctorsController.cs,PatchDoctor,wired,PATCH,/api/clinic/doctors/${id},Frontend/actions/doctor/update-doctor.ts:32,matched method and normalized route in actions
POST,api/clinic/doctors/{id:guid}/enable,DoctorsController.cs,EnableDoctor,wired,POST,/api/clinic/doctors/${doctorId}/enable,Frontend/actions/doctor/toggle-doctor-status.ts:17,matched method and normalized route in actions
POST,api/clinic/doctors/{id:guid}/disable,DoctorsController.cs,DisableDoctor,wired,POST,/api/clinic/doctors/${doctorId}/disable,Frontend/actions/doctor/toggle-doctor-status.ts:17,matched method and normalized route in actions
PUT,api/clinic/doctors/{id:guid}/services,DoctorsController.cs,UpdateServices,wired,PUT,/api/clinic/doctors/${doctorId}/services,Frontend/actions/doctor/get-doctor.ts:33,matched method and normalized route in actions
PUT,api/clinic/doctors/{id:guid}/visit-fields,DoctorsController.cs,UpdateVisitFields,wired,PUT,/api/clinic/doctors/${doctorId}/visit-fields,Frontend/actions/doctor/update-visit-fields.ts:13,matched method and normalized route in actions
GET,api/clinic/doctors/me/visit-fields,DoctorsController.cs,GetMyVisitFields,wired,GET,/api/clinic/doctors/me/visit-fields,Frontend/actions/doctor/get-my-visit-fields.ts:10,matched method and normalized route in actions
PUT,api/clinic/doctors/me/visit-fields,DoctorsController.cs,UpdateMyVisitFields,wired,PUT,/api/clinic/doctors/me/visit-fields,Frontend/actions/doctor/update-my-visit-fields.ts:24,matched method and normalized route in actions
GET,api/clinic/doctors/me/patients/{patientId:guid}/history,DoctorsController.cs,GetMyPatientHistory,wired,GET,/api/clinic/doctors/me/patients/${patientId}/history?${params.toString()},Frontend/actions/doctor/get-patient-history.ts:18,matched method and normalized route in actions
GET,api/clinic/doctors/me/patients,DoctorsController.cs,GetMyPatients,wired,GET,/api/clinic/doctors/me/patients,Frontend/actions/doctor/get-my-patients.ts:22,matched method and normalized route in actions
POST,api/clinic/expenses,ExpensesController.cs,Create,wired,POST,/api/clinic/expenses,Frontend/actions/finance/expenses.ts:33,matched method and normalized route in actions
PUT,api/clinic/expenses/{id:guid},ExpensesController.cs,Update,wired,PUT,/api/clinic/expenses/${id},Frontend/actions/finance/expenses.ts:47,matched method and normalized route in actions
DELETE,api/clinic/expenses/{id:guid},ExpensesController.cs,Delete,wired,DELETE,/api/clinic/expenses/${id},Frontend/actions/finance/expenses.ts:57,matched method and normalized route in actions
GET,api/clinic/expenses,ExpensesController.cs,GetAll,wired,GET,/api/clinic/expenses,Frontend/actions/finance/expenses.ts:22,matched method and normalized route in actions
GET,api/platform/feature-flags/{tenantId},FeatureFlagsController.cs,GetFeatureFlags,wired,GET,/api/platform/feature-flags/${tenantId},Frontend/actions/platform/feature-flags.ts:11,matched method and normalized route in actions
PUT,api/platform/feature-flags/{tenantId},FeatureFlagsController.cs,UpdateFeatureFlags,wired,PUT,/api/platform/feature-flags/${tenantId},Frontend/actions/platform/feature-flags.ts:19,matched method and normalized route in actions
GET,api/clinic/finance/daily,FinanceController.cs,GetDailyRevenue,wired,GET,/api/clinic/finance/daily,Frontend/actions/finance/get-daily-finance.ts:7,matched method and normalized route in actions
GET,api/clinic/finance/by-doctor,FinanceController.cs,GetByDoctor,wired,GET,/api/clinic/finance/by-doctor,Frontend/actions/finance/reports.ts:47,matched method and normalized route in actions
GET,api/clinic/finance/monthly,FinanceController.cs,GetMonthly,wired,GET,/api/clinic/finance/monthly,Frontend/actions/finance/reports.ts:56,matched method and normalized route in actions
GET,api/clinic/finance/yearly,FinanceController.cs,GetYearly,wired,GET,/api/clinic/finance/yearly,Frontend/actions/finance/reports.ts:68,matched method and normalized route in actions
GET,api/clinic/finance/profit,FinanceController.cs,GetProfit,wired,GET,/api/clinic/finance/profit,Frontend/actions/finance/reports.ts:18,matched method and normalized route in actions
GET,api/Health,HealthController.cs,GetHealth,wired,GET,/api/Health,Frontend/actions/platform/health.ts:7,matched method and normalized route in actions
GET,api/clinic/inventory/items,InventoryController.cs,GetItems,wired,GET,/api/clinic/inventory/items,Frontend/actions/inventory/items.ts:35,matched method and normalized route in actions
GET,api/clinic/inventory/items/{itemId:guid},InventoryController.cs,GetItemById,wired,GET,/api/clinic/inventory/items/${itemId},Frontend/actions/inventory/items.ts:49,matched method and normalized route in actions
POST,api/clinic/inventory/items,InventoryController.cs,Create,wired,POST,/api/clinic/inventory/items,Frontend/actions/inventory/items.ts:60,matched method and normalized route in actions
PUT,api/clinic/inventory/items/{itemId:guid},InventoryController.cs,Update,wired,PUT,/api/clinic/inventory/items/${itemId},Frontend/actions/inventory/items.ts:78,matched method and normalized route in actions
POST,api/clinic/inventory/items/{itemId:guid}/activation,InventoryController.cs,SetActivation,wired,POST,/api/clinic/inventory/items/${itemId}/activation,Frontend/actions/inventory/items.ts:96,matched method and normalized route in actions
POST,api/clinic/invoices,InvoicesController.cs,CreateInvoice,wired,POST,/api/clinic/invoices,Frontend/actions/billing/create-invoice.ts:22,matched method and normalized route in actions
PUT,api/clinic/invoices/{id:guid},InvoicesController.cs,UpdateInvoice,wired,PUT,/api/clinic/invoices/${invoiceId},Frontend/actions/billing/update-invoice.ts:16,matched method and normalized route in actions
PATCH,api/clinic/invoices/{id:guid},InvoicesController.cs,PatchInvoice,wired,PATCH,/api/clinic/invoices/${invoiceId},Frontend/actions/finance/invoices.ts:51,matched method and normalized route in actions
GET,api/clinic/invoices/{id:guid},InvoicesController.cs,GetInvoice,wired,GET,/api/clinic/invoices/${invoiceId},Frontend/actions/finance/invoices.ts:65,matched method and normalized route in actions
GET,api/clinic/invoices,InvoicesController.cs,GetInvoices,wired,GET,/api/clinic/invoices,Frontend/actions/finance/invoices.ts:22,matched method and normalized route in actions
POST,api/clinic/payments,InvoicesController.cs,RecordPayment,wired,POST,/api/clinic/payments,Frontend/actions/finance/invoices.ts:33,matched method and normalized route in actions
POST,api/clinic/invoices/{id:guid}/adjustments,InvoicesController.cs,AddAdjustment,wired,POST,/api/clinic/invoices/${invoiceId}/adjustments,Frontend/actions/finance/invoices.ts:105,matched method and normalized route in actions
POST,api/clinic/invoices/{id:guid}/line-items,InvoicesController.cs,AddLineItem,wired,POST,/api/clinic/invoices/${invoiceId}/line-items,Frontend/actions/finance/invoices.ts:83,matched method and normalized route in actions
POST,api/clinic/invoices/{id:guid}/refund,InvoicesController.cs,Refund,wired,POST,/api/clinic/invoices/${invoiceId}/refund,Frontend/actions/finance/invoices.ts:129,matched method and normalized route in actions
GET,api/clinic/invoices/{id:guid}/payments,InvoicesController.cs,GetPayments,wired,GET,/api/clinic/invoices/${invoiceId}/payments,Frontend/actions/finance/invoices.ts:150,matched method and normalized route in actions
POST,api/clinic/visits/{visitId:guid}/labs,LabRequestsController.cs,Create,wired,POST,/api/clinic/visits/${visitId}/labs,Frontend/actions/labs/create-lab-request.ts:15,matched method and normalized route in actions
POST,api/clinic/visits/{visitId:guid}/labs/{labRequestId:guid}/partner-order,LabRequestsController.cs,CreatePartnerOrder,wired,POST,/api/clinic/visits/${visitId}/labs/${labRequestId}/partner-order,Frontend/actions/labs/create-lab-partner-order.ts:24,matched method and normalized route in actions
PUT,api/clinic/visits/{visitId:guid}/labs/{id:guid},LabRequestsController.cs,Update,wired,PUT,/api/clinic/visits/${visitId}/labs/${labId},Frontend/actions/labs/lab-requests.ts:26,matched method and normalized route in actions
POST,api/clinic/visits/{visitId:guid}/labs/{id:guid}/result,LabRequestsController.cs,AddResult,wired,POST,/api/clinic/visits/${visitId}/labs/${labId}/result,Frontend/actions/labs/lab-requests.ts:49,matched method and normalized route in actions
GET,api/clinic/visits/{visitId:guid}/labs,LabRequestsController.cs,GetByVisit,wired,GET,/api/clinic/visits/${visitId}/labs,Frontend/actions/labs/lab-requests.ts:13,matched method and normalized route in actions
DELETE,api/clinic/visits/{visitId:guid}/labs/{id:guid},LabRequestsController.cs,Delete,wired,DELETE,/api/clinic/visits/${visitId}/labs/${labId},Frontend/actions/labs/delete-lab-request.ts:13,matched method and normalized route in actions
GET,api/clinic/marketplace/orders,MarketplaceOrdersController.cs,GetOrders,wired,GET,/api/clinic/marketplace/orders,Frontend/actions/marketplace/orders.ts:31,matched method and normalized route in actions
GET,api/clinic/marketplace/orders/{orderId:guid},MarketplaceOrdersController.cs,GetOrderById,wired,GET,/api/clinic/marketplace/orders/${orderId},Frontend/actions/marketplace/orders.ts:45,matched method and normalized route in actions
POST,api/clinic/marketplace/orders/{orderId:guid}/status,MarketplaceOrdersController.cs,UpdateStatus,wired,POST,/api/clinic/marketplace/orders/${orderId}/status,Frontend/actions/marketplace/orders.ts:57,matched method and normalized route in actions
POST,api/clinic/media/clinic-logo,MediaController.cs,UploadClinicLogo,wired,POST,/api/clinic/media/clinic-logo,Frontend/actions/settings/upload-logo.ts:11,matched method and normalized route in actions
POST,api/clinic/media/clinic-image,MediaController.cs,UploadClinicImage,wired,POST,/api/clinic/media/clinic-image,Frontend/actions/settings/upload-logo.ts:29,matched method and normalized route in actions
POST,api/clinic/media/doctors/{doctorId:guid}/photo,MediaController.cs,UploadDoctorPhoto,wired,POST,/api/clinic/media/doctors/${doctorId}/photo,Frontend/actions/doctor/upload-photo.ts:12,matched method and normalized route in actions
POST,api/clinic/messages/send,MessagesController.cs,Send,wired,POST,/api/clinic/messages/send,Frontend/actions/messages/messages.ts:50,matched method and normalized route in actions
POST,api/clinic/messages/{id:guid}/retry,MessagesController.cs,Retry,wired,POST,/api/clinic/messages/${id}/retry,Frontend/actions/messages/messages.ts:67,matched method and normalized route in actions
GET,api/clinic/messages/{id:guid},MessagesController.cs,GetById,wired,GET,/api/clinic/messages/${id},Frontend/actions/messages/messages.ts:39,matched method and normalized route in actions
GET,api/clinic/messages,MessagesController.cs,GetAll,wired,GET,/api/clinic/messages,Frontend/actions/messages/messages.ts:28,matched method and normalized route in actions
POST,api/clinic/notifications/subscribe,NotificationsController.cs,Subscribe,wired,POST,/api/clinic/notifications/subscribe,Frontend/actions/notifications/notifications.ts:18,matched method and normalized route in actions
DELETE,api/clinic/notifications/{id:guid},NotificationsController.cs,Unsubscribe,wired,DELETE,/api/clinic/notifications/${id},Frontend/actions/notifications/notifications.ts:35,matched method and normalized route in actions
GET,api/clinic/notifications/my,NotificationsController.cs,GetMySubscriptions,wired,GET,/api/clinic/notifications/my,Frontend/actions/notifications/notifications.ts:50,matched method and normalized route in actions
POST,api/clinic/notifications/send,NotificationsController.cs,SendNotification,wired,POST,/api/clinic/notifications/send,Frontend/actions/notifications/notifications.ts:61,matched method and normalized route in actions
GET,api/clinic/notifications/in-app,NotificationsController.cs,GetInApp,wired,GET,/api/clinic/notifications/in-app,Frontend/actions/notifications/notifications.ts:78,matched method and normalized route in actions
POST,api/clinic/notifications/in-app/{id:guid}/read,NotificationsController.cs,MarkInAppRead,wired,POST,/api/clinic/notifications/in-app/${id}/read,Frontend/actions/notifications/notifications.ts:92,matched method and normalized route in actions
POST,api/clinic/notifications/in-app/mark-all-read,NotificationsController.cs,MarkAllInAppRead,wired,POST,/api/clinic/notifications/in-app/mark-all-read,Frontend/actions/notifications/notifications.ts:107,matched method and normalized route in actions
GET,api/clinic/partner-orders,PartnerOrdersController.cs,List,wired,GET,/api/clinic/partner-orders,Frontend/actions/partner/workflow.ts:184,matched method and normalized route in actions
GET,api/clinic/partner-orders/{orderId:guid},PartnerOrdersController.cs,GetById,wired,GET,/api/clinic/partner-orders/${orderId},Frontend/actions/partner/workflow.ts:192,matched method and normalized route in actions
POST,api/clinic/partner-orders/{orderId:guid}/status,PartnerOrdersController.cs,UpdateStatus,wired,POST,/api/clinic/partner-orders/${orderId}/status,Frontend/actions/partner/workflow.ts:209,matched method and normalized route in actions
POST,api/clinic/partner-orders/{orderId:guid}/accept,PartnerOrdersController.cs,Accept,wired,POST,/api/clinic/partner-orders/${orderId}/accept,Frontend/actions/partner/workflow.ts:224,matched method and normalized route in actions
POST,api/clinic/partner-orders/{orderId:guid}/schedule,PartnerOrdersController.cs,Schedule,wired,POST,/api/clinic/partner-orders/${orderId}/schedule,Frontend/actions/partner/workflow.ts:237,matched method and normalized route in actions
POST,api/clinic/partner-orders/{orderId:guid}/arrived,PartnerOrdersController.cs,MarkArrived,wired,POST,/api/clinic/partner-orders/${orderId}/arrived,Frontend/actions/partner/workflow.ts:250,matched method and normalized route in actions
POST,api/clinic/partner-orders/{orderId:guid}/result,PartnerOrdersController.cs,UploadResult,wired,POST,/api/clinic/partner-orders/${orderId}/result,Frontend/actions/partner/workflow.ts:268,matched method and normalized route in actions
GET,api/clinic/partners,PartnersController.cs,List,wired,GET,/api/clinic/partners,Frontend/actions/partner/workflow.ts:69,matched method and normalized route in actions
POST,api/clinic/partners,PartnersController.cs,Create,wired,POST,/api/clinic/partners,Frontend/actions/partner/workflow.ts:77,matched method and normalized route in actions
PUT,api/clinic/partners/{partnerId:guid},PartnersController.cs,Update,wired,PUT,/api/clinic/partners/${partnerId},Frontend/actions/partner/workflow.ts:95,matched method and normalized route in actions
POST,api/clinic/partners/{partnerId:guid}/activation,PartnersController.cs,SetActivation,wired,POST,/api/clinic/partners/${partnerId}/activation,Frontend/actions/partner/workflow.ts:113,matched method and normalized route in actions
POST,api/clinic/partners/{partnerId:guid}/users,PartnersController.cs,CreatePartnerUser,wired,POST,/api/clinic/partners/${partnerId}/users,Frontend/actions/partner/workflow.ts:331,matched method and normalized route in actions
GET,api/clinic/partners/contracts,PartnersController.cs,ListContracts,wired,GET,/api/clinic/partners/contracts,Frontend/actions/partner/workflow.ts:136,matched method and normalized route in actions
POST,api/clinic/partners/contracts,PartnersController.cs,CreateContract,wired,POST,/api/clinic/partners/contracts,Frontend/actions/partner/workflow.ts:147,matched method and normalized route in actions
PUT,api/clinic/partners/contracts/{contractId:guid},PartnersController.cs,UpdateContract,wired,PUT,/api/clinic/partners/contracts/${contractId},Frontend/actions/partner/workflow.ts:165,matched method and normalized route in actions
GET,api/clinic/partners/services,PartnersController.cs,ListServices,wired,GET,/api/clinic/partners/services,Frontend/actions/partner/workflow.ts:287,matched method and normalized route in actions
POST,api/clinic/partners/services,PartnersController.cs,CreateService,wired,POST,/api/clinic/partners/services,Frontend/actions/partner/workflow.ts:301,matched method and normalized route in actions
PUT,api/clinic/partners/services/{itemId:guid},PartnersController.cs,UpdateService,wired,PUT,/api/clinic/partners/services/${itemId},Frontend/actions/partner/workflow.ts:313,matched method and normalized route in actions
GET,api/clinic/patient-app/profiles/{patientId:guid},PatientAppController.cs,GetProfile,wired,GET,/api/clinic/patient-app/profiles/${patientId},Frontend/actions/patient-app/profile.ts:18,matched method and normalized route in actions
GET,api/clinic/patient-app/profiles/{patientId:guid}/visits,PatientAppController.cs,GetVisits,wired,GET,/api/clinic/patient-app/profiles/${patientId}/visits?pageNumber=${pageNumber}&pageSize=${pageSize},Frontend/actions/patient-app/profile.ts:33,matched method and normalized route in actions
GET,api/clinic/patient-app/profiles/{patientId:guid}/summary,PatientAppController.cs,GetSummary,wired,GET,/api/clinic/patient-app/profiles/${patientId}/summary,Frontend/actions/patient-app/profile.ts:46,matched method and normalized route in actions
GET,api/clinic/patient-app/profiles/{patientId:guid}/queue-ticket,PatientAppController.cs,GetQueueTicket,wired,GET,/api/clinic/patient-app/profiles/${patientId}/queue-ticket,Frontend/actions/patient-app/profile.ts:56,matched method and normalized route in actions
GET,api/clinic/patient-app/profiles/{patientId:guid}/bookings,PatientAppController.cs,GetBookings,wired,GET,/api/clinic/patient-app/profiles/${patientId}/bookings,Frontend/actions/patient-app/profile.ts:69,matched method and normalized route in actions
GET,api/clinic/patient-app/profiles/{patientId:guid}/partner-orders,PatientAppController.cs,GetPartnerOrders,wired,GET,/api/clinic/patient-app/profiles/${patientId}/partner-orders,Frontend/actions/patient-app/profile.ts:79,matched method and normalized route in actions
GET,api/clinic/patient-credits/{patientId:guid}/balance,PatientCreditsController.cs,GetBalance,wired,GET,/api/clinic/patient-credits/${patientId}/balance,Frontend/actions/patient-app/profile.ts:92,matched method and normalized route in actions
GET,api/clinic/patient-credits/{patientId:guid}/history,PatientCreditsController.cs,GetHistory,wired,GET,/api/clinic/patient-credits/${patientId}/history?pageNumber=${pageNumber}&pageSize=${pageSize},Frontend/actions/patient-app/profile.ts:107,matched method and normalized route in actions
POST,api/clinic/patients/{patientId:guid}/medical-documents,PatientMedicalController.cs,UploadDocument,wired,POST,/api/clinic/patients/${patientId}/medical-documents,Frontend/actions/patient-medical/documents.ts:28,matched method and normalized route in actions
GET,api/clinic/patients/{patientId:guid}/medical-documents,PatientMedicalController.cs,ListDocuments,wired,GET,/api/clinic/patients/${patientId}/medical-documents,Frontend/actions/patient-medical/documents.ts:16,matched method and normalized route in actions
GET,api/clinic/patients/{patientId:guid}/medical-documents/{documentId:guid},PatientMedicalController.cs,DownloadDocument,wired,GET,/api/clinic/patients/${patientId}/medical-documents/${documentId},Frontend/actions/patient-medical/documents.ts:46,matched method and normalized route in actions
GET,api/clinic/patients/{patientId:guid}/medical-documents/{documentId:guid}/threads,PatientMedicalController.cs,ListDocumentThreads,wired,GET,/api/clinic/patients/${patientId}/medical-documents/${documentId}/threads,Frontend/actions/patient-medical/documents.ts:61,matched method and normalized route in actions
POST,api/clinic/patients/{patientId:guid}/medical-documents/{documentId:guid}/threads,PatientMedicalController.cs,CreateDocumentThread,wired,POST,/api/clinic/patients/${patientId}/medical-documents/${documentId}/threads,Frontend/actions/patient-medical/documents.ts:77,matched method and normalized route in actions
POST,api/clinic/patients/{patientId:guid}/medical-documents/{documentId:guid}/threads/{threadId:guid}/replies,PatientMedicalController.cs,AddThreadReply,wired,POST,/api/clinic/patients/${patientId}/medical-documents/${documentId}/threads/${threadId}/replies,Frontend/actions/patient-medical/documents.ts:100,matched method and normalized route in actions
POST,api/clinic/patients/{patientId:guid}/medical-documents/{documentId:guid}/threads/{threadId:guid}/close,PatientMedicalController.cs,CloseThread,wired,POST,/api/clinic/patients/${patientId}/medical-documents/${documentId}/threads/${threadId}/close,Frontend/actions/patient-medical/documents.ts:123,matched method and normalized route in actions
GET,api/clinic/patients/{patientId:guid}/chronic-conditions,PatientMedicalController.cs,GetChronicProfile,wired,GET,/api/clinic/patients/${patientId}/chronic-conditions,Frontend/actions/patient-medical/documents.ts:143,matched method and normalized route in actions
PUT,api/clinic/patients/{patientId:guid}/chronic-conditions,PatientMedicalController.cs,UpsertChronicProfile,wired,PUT,/api/clinic/patients/${patientId}/chronic-conditions,Frontend/actions/patient-medical/documents.ts:162,matched method and normalized route in actions
POST,api/clinic/patients,PatientsController.cs,CreatePatient,wired,POST,/api/clinic/patients/,Frontend/actions/patient-medical/documents.ts:28,matched method and normalized route in actions
GET,api/clinic/patients,PatientsController.cs,GetAllPatients,wired,GET,/api/clinic/patients/,Frontend/actions/patient-medical/documents.ts:16,matched method and normalized route in actions
GET,api/clinic/patients/{id:guid},PatientsController.cs,GetPatientById,wired,GET,/api/clinic/patients/${patientId},Frontend/actions/patient/get-patient-profile.ts:29,matched method and normalized route in actions
PUT,api/clinic/patients/{id:guid},PatientsController.cs,UpdatePatient,wired,PUT,/api/clinic/patients/${id},Frontend/actions/patient/update-patient.ts:18,matched method and normalized route in actions
PATCH,api/clinic/patients/{id:guid},PatientsController.cs,PatchPatient,wired,PATCH,/api/clinic/patients/${id},Frontend/actions/patient/update-patient.ts:39,matched method and normalized route in actions
POST,api/clinic/patients/{id:guid}/profiles,PatientsController.cs,AddSubProfile,wired,POST,/api/clinic/patients/${parentId}/profiles,Frontend/actions/patient/add-subprofile.ts:20,matched method and normalized route in actions
POST,api/clinic/patients/{id:guid}/reset-password,PatientsController.cs,ResetPassword,wired,POST,/api/clinic/patients/${id}/reset-password,Frontend/actions/patient/update-patient.ts:58,matched method and normalized route in actions
POST,api/clinic/patients/{id:guid}/send-credentials,PatientsController.cs,SendCredentials,wired,POST,/api/clinic/patients/${id}/send-credentials,Frontend/actions/patient/update-patient.ts:69,matched method and normalized route in actions
DELETE,api/clinic/patients/{id:guid},PatientsController.cs,DeletePatient,wired,DELETE,/api/clinic/patients/${id},Frontend/actions/patient/delete-patient.ts:11,matched method and normalized route in actions
POST,api/clinic/visits/{visitId:guid}/prescriptions,PrescriptionsController.cs,Create,wired,POST,/api/clinic/visits/${visitId}/prescriptions,Frontend/actions/prescription/create-prescription.ts:16,matched method and normalized route in actions
POST,api/clinic/visits/{visitId:guid}/prescriptions/{prescriptionId:guid}/partner-order,PrescriptionsController.cs,CreatePartnerOrder,wired,POST,/api/clinic/visits/${visitId}/prescriptions/${prescriptionId}/partner-order,Frontend/actions/prescription/create-prescription-partner-order.ts:24,matched method and normalized route in actions
PUT,api/clinic/visits/{visitId:guid}/prescriptions/{id:guid},PrescriptionsController.cs,Update,wired,PUT,/api/clinic/visits/${visitId}/prescriptions/${prescriptionId},Frontend/actions/prescription/update-prescription.ts:14,matched method and normalized route in actions
DELETE,api/clinic/visits/{visitId:guid}/prescriptions/{id:guid},PrescriptionsController.cs,Delete,wired,DELETE,/api/clinic/visits/${visitId}/prescriptions/${prescriptionId},Frontend/actions/prescription/delete-prescription.ts:12,matched method and normalized route in actions
GET,api/clinic/visits/{visitId:guid}/prescriptions,PrescriptionsController.cs,GetByVisit,wired,GET,/api/clinic/visits/${visitId}/prescriptions,Frontend/actions/prescription/prescriptions.ts:11,matched method and normalized route in actions
GET,api/clinic/visits/{visitId:guid}/prescriptions/{id:guid}/revisions,PrescriptionsController.cs,GetRevisions,wired,GET,/api/clinic/visits/${visitId}/prescriptions/${prescriptionId}/revisions,Frontend/actions/prescription/prescriptions.ts:23,matched method and normalized route in actions
GET,api/public/{slug}/landing,PublicController.cs,GetLanding,wired,GET,/api/public/${slug}/landing,Frontend/actions/public/landing.ts:17,matched method and normalized route in actions
GET,api/public/{slug}/clinic,PublicController.cs,GetClinicProfile,wired,GET,/api/public/${slug}/clinic,Frontend/actions/public/landing.ts:24,matched method and normalized route in actions
GET,api/public/{slug}/doctors,PublicController.cs,GetDoctors,wired,GET,/api/public/${slug}/doctors,Frontend/actions/public/landing.ts:31,matched method and normalized route in actions
GET,api/public/{slug}/doctors/available-now,PublicController.cs,GetAvailableDoctorsNow,wired,GET,/api/public/${slug}/doctors/available-now,Frontend/actions/public/landing.ts:40,matched method and normalized route in actions
GET,api/public/{slug}/services,PublicController.cs,GetServices,wired,GET,/api/public/${slug}/services,Frontend/actions/public/landing.ts:47,matched method and normalized route in actions
GET,api/public/{slug}/payment-options,PublicController.cs,GetPaymentOptions,wired,GET,/api/public/${slug}/payment-options,Frontend/actions/public/landing.ts:56,matched method and normalized route in actions
GET,api/public/{slug}/marketplace/items,PublicController.cs,GetMarketplaceItems,wired,GET,/api/public/${slug}/marketplace/items,Frontend/actions/public/landing.ts:88,matched method and normalized route in actions
GET,api/public/{slug}/marketplace/items/{itemId:guid},PublicController.cs,GetMarketplaceItemById,wired,GET,/api/public/${slug}/marketplace/items/${itemId},Frontend/actions/public/landing.ts:98,matched method and normalized route in actions
POST,api/public/{slug}/marketplace/orders,PublicController.cs,CreateMarketplaceOrder,wired,POST,/api/public/${slug}/marketplace/orders,Frontend/actions/public/landing.ts:114,matched method and normalized route in actions
GET,api/public/{slug}/working-hours,PublicController.cs,GetWorkingHours,wired,GET,/api/public/${slug}/working-hours,Frontend/actions/public/landing.ts:65,matched method and normalized route in actions
GET,api/clinic/queue/board,QueueBoardController.cs,GetBoard,wired,GET,/api/clinic/queue/board,Frontend/actions/queue/queue-board.ts:7,matched method and normalized route in actions
GET,api/clinic/queue/my-queue,QueueBoardController.cs,GetMyQueue,wired,GET,/api/clinic/queue/my-queue,Frontend/actions/doctor/get-my-queue.ts:11,matched method and normalized route in actions
GET,api/clinic/queue/my-ticket,QueueBoardController.cs,GetMyTicket,wired,GET,/api/clinic/queue/my-ticket,Frontend/actions/patient-app/get-my-ticket.ts:10,matched method and normalized route in actions
POST,api/clinic/queue/sessions,QueueSessionsController.cs,OpenSession,wired,POST,/api/clinic/queue/sessions,Frontend/actions/queue/open-my-session.ts:45,matched method and normalized route in actions
POST,api/clinic/queue/sessions/{id:guid}/close,QueueSessionsController.cs,CloseSession,wired,POST,/api/clinic/queue/sessions/${sessionId}/close,Frontend/actions/queue/sessions.ts:30,matched method and normalized route in actions
POST,api/clinic/queue/sessions/close-all,QueueSessionsController.cs,CloseAllSessions,wired,POST,/api/clinic/queue/sessions/close-all,Frontend/actions/queue/sessions.ts:45,matched method and normalized route in actions
GET,api/clinic/queue/sessions,QueueSessionsController.cs,GetSessions,wired,GET,/api/clinic/queue/sessions,Frontend/actions/queue/sessions.ts:64,matched method and normalized route in actions
GET,api/clinic/queue/sessions/{id:guid},QueueSessionsController.cs,GetSession,wired,GET,/api/clinic/queue/sessions/${sessionId},Frontend/actions/queue/sessions.ts:75,matched method and normalized route in actions
GET,api/clinic/queue/sessions/{id:guid}/tickets,QueueSessionsController.cs,GetTickets,wired,GET,/api/clinic/queue/sessions/${sessionId}/tickets,Frontend/actions/queue/sessions.ts:86,matched method and normalized route in actions
POST,api/clinic/queue/tickets,QueueTicketsController.cs,IssueTicket,wired,POST,/api/clinic/queue/tickets,Frontend/actions/queue/tickets.ts:33,matched method and normalized route in actions
POST,api/clinic/queue/tickets/with-payment,QueueTicketsController.cs,IssueTicketWithPayment,wired,POST,/api/clinic/queue/tickets/with-payment,Frontend/actions/queue/tickets.ts:12,matched method and normalized route in actions
POST,api/clinic/queue/tickets/{id:guid}/call,QueueTicketsController.cs,CallTicket,wired,POST,/api/clinic/queue/tickets/${ticketId}/call,Frontend/actions/queue/tickets.ts:88,matched method and normalized route in actions
POST,api/clinic/queue/tickets/{id:guid}/start-visit,QueueTicketsController.cs,StartVisit,wired,POST,/api/clinic/queue/tickets/${ticketId}/start-visit,Frontend/actions/queue/tickets.ts:105,matched method and normalized route in actions
POST,api/clinic/queue/tickets/{id:guid}/finish,QueueTicketsController.cs,FinishTicket,wired,POST,/api/clinic/queue/tickets/${ticketId}/finish,Frontend/actions/queue/tickets.ts:125,matched method and normalized route in actions
POST,api/clinic/queue/tickets/{id:guid}/skip,QueueTicketsController.cs,SkipTicket,wired,POST,/api/clinic/queue/tickets/${ticketId}/skip,Frontend/actions/queue/tickets.ts:142,matched method and normalized route in actions
POST,api/clinic/queue/tickets/{id:guid}/cancel,QueueTicketsController.cs,CancelTicket,wired,POST,/api/clinic/queue/tickets/${ticketId}/cancel,Frontend/actions/queue/tickets.ts:71,matched method and normalized route in actions
POST,api/clinic/queue/tickets/{id:guid}/urgent,QueueTicketsController.cs,MarkUrgent,wired,POST,/api/clinic/queue/tickets/${ticketId}/urgent,Frontend/actions/queue/tickets.ts:54,matched method and normalized route in actions
GET,api/clinic/reports/overview,ReportsController.cs,GetOverview,wired,GET,/api/clinic/reports/overview,Frontend/actions/reports/clinic-reports.ts:32,matched method and normalized route in actions
GET,api/clinic/reports/services,ReportsController.cs,GetServicesSales,wired,GET,/api/clinic/reports/services,Frontend/actions/reports/clinic-reports.ts:43,matched method and normalized route in actions
GET,api/clinic/reports/my-overview,ReportsController.cs,GetMyOverview,wired,GET,/api/clinic/reports/my-overview,Frontend/actions/reports/clinic-reports.ts:54,matched method and normalized route in actions
GET,api/clinic/self-service-requests,SelfServiceRequestsController.cs,GetAll,wired,GET,/api/clinic/self-service-requests,Frontend/actions/self-service/requests.ts:33,matched method and normalized route in actions
GET,api/clinic/self-service-requests/{requestId:guid},SelfServiceRequestsController.cs,GetById,wired,GET,/api/clinic/self-service-requests/${requestId},Frontend/actions/self-service/requests.ts:47,matched method and normalized route in actions
POST,api/clinic/self-service-requests/{requestId:guid}/approve,SelfServiceRequestsController.cs,Approve,wired,POST,/api/clinic/self-service-requests/${requestId}/approve,Frontend/actions/self-service/requests.ts:59,matched method and normalized route in actions
POST,api/clinic/self-service-requests/{requestId:guid}/reject,SelfServiceRequestsController.cs,Reject,wired,POST,/api/clinic/self-service-requests/${requestId}/reject,Frontend/actions/self-service/requests.ts:80,matched method and normalized route in actions
POST,api/clinic/self-service-requests/{requestId:guid}/request-reupload,SelfServiceRequestsController.cs,RequestReupload,wired,POST,/api/clinic/self-service-requests/${requestId}/request-reupload,Frontend/actions/self-service/requests.ts:101,matched method and normalized route in actions
POST,api/clinic/self-service-requests/{requestId:guid}/adjust-paid-amount,SelfServiceRequestsController.cs,AdjustPaidAmount,wired,POST,/api/clinic/self-service-requests/${requestId}/adjust-paid-amount,Frontend/actions/self-service/requests.ts:122,matched method and normalized route in actions
POST,api/clinic/staff,StaffController.cs,CreateStaff,wired,POST,/api/clinic/staff,Frontend/actions/staff/create-staff.ts:13,matched method and normalized route in actions
POST,api/clinic/staff/payroll-only,StaffController.cs,CreatePayrollOnlyWorker,wired,POST,/api/clinic/staff/payroll-only,Frontend/actions/staff/create-staff.ts:30,matched method and normalized route in actions
GET,api/clinic/staff,StaffController.cs,GetAllStaff,wired,GET,/api/clinic/staff,Frontend/actions/staff/get-staff.ts:15,matched method and normalized route in actions
GET,api/clinic/staff/{id:guid},StaffController.cs,GetStaffById,wired,GET,/api/clinic/staff/${staffId},Frontend/actions/staff/get-staff.ts:34,matched method and normalized route in actions
PUT,api/clinic/staff/{id:guid},StaffController.cs,UpdateStaff,wired,PUT,/api/clinic/staff/${data.id},Frontend/actions/staff/update-staff.ts:21,matched method and normalized route in actions
PATCH,api/clinic/staff/{id:guid},StaffController.cs,PatchStaff,wired,PATCH,/api/clinic/staff/${id},Frontend/actions/staff/update-staff.ts:40,matched method and normalized route in actions
POST,api/clinic/staff/{id:guid}/enable,StaffController.cs,EnableStaff,wired,POST,/api/clinic/staff/${staffId}/enable,Frontend/actions/staff/toggle-staff-status.ts:33,matched method and normalized route in actions
POST,api/clinic/staff/{id:guid}/disable,StaffController.cs,DisableStaff,wired,POST,/api/clinic/staff/${staffId}/disable,Frontend/actions/staff/toggle-staff-status.ts:43,matched method and normalized route in actions
POST,api/platform/subscriptions,SubscriptionsController.cs,CreateSubscription,wired,POST,/api/platform/subscriptions,Frontend/actions/platform/subscriptions.ts:24,matched method and normalized route in actions
GET,api/platform/subscriptions,SubscriptionsController.cs,GetAllSubscriptions,wired,GET,/api/platform/subscriptions,Frontend/actions/platform/subscriptions.ts:18,matched method and normalized route in actions
POST,api/platform/subscriptions/{id}/extend,SubscriptionsController.cs,ExtendSubscription,wired,POST,/api/platform/subscriptions/${id}/extend,Frontend/actions/platform/subscriptions.ts:36,matched method and normalized route in actions
POST,api/platform/subscriptions/{id}/cancel,SubscriptionsController.cs,CancelSubscription,wired,POST,/api/platform/subscriptions/${id}/cancel,Frontend/actions/platform/subscriptions.ts:48,matched method and normalized route in actions
POST,api/platform/subscriptions/{id}/mark-paid,SubscriptionsController.cs,MarkPaid,wired,POST,/api/platform/subscriptions/${id}/mark-paid,Frontend/actions/platform/subscriptions.ts:60,matched method and normalized route in actions
POST,api/platform/tenants,TenantsController.cs,CreateTenant,wired,POST,/api/platform/tenants,Frontend/actions/platform/create-tenant.ts:12,matched method and normalized route in actions
GET,api/platform/tenants,TenantsController.cs,GetAllTenants,wired,GET,/api/platform/tenants,Frontend/actions/platform/get-tenants.ts:8,matched method and normalized route in actions
GET,api/platform/tenants/{id},TenantsController.cs,GetTenantById,wired,GET,/api/platform/tenants/${tenantId},Frontend/actions/platform/get-tenants.ts:15,matched method and normalized route in actions
PUT,api/platform/tenants/{id},TenantsController.cs,UpdateTenant,wired,PUT,/api/platform/tenants/${tenantId},Frontend/actions/platform/create-tenant.ts:28,matched method and normalized route in actions
POST,api/platform/tenants/{id}/activate,TenantsController.cs,ActivateTenant,wired,POST,/api/platform/tenants/${id}/activate,Frontend/actions/platform/tenant-actions.ts:9,matched method and normalized route in actions
POST,api/platform/tenants/{id}/suspend,TenantsController.cs,SuspendTenant,wired,POST,/api/platform/tenants/${id}/suspend,Frontend/actions/platform/tenant-actions.ts:15,matched method and normalized route in actions
POST,api/platform/tenants/{id}/block,TenantsController.cs,BlockTenant,wired,POST,/api/platform/tenants/${id}/block,Frontend/actions/platform/tenant-actions.ts:21,matched method and normalized route in actions
DELETE,api/platform/tenants/{id},TenantsController.cs,DeleteTenant,wired,DELETE,/api/platform/tenants/${id},Frontend/actions/platform/delete-tenant.ts:8,matched method and normalized route in actions
POST,api/clinic/visits,VisitsController.cs,CreateVisit,wired,POST,/api/clinic/visits/,Frontend/actions/labs/create-lab-partner-order.ts:24,matched method and normalized route in actions
PUT,api/clinic/visits/{id:guid},VisitsController.cs,UpdateVisit,wired,PUT,/api/clinic/visits/${visitId},Frontend/actions/visit/update-visit.ts:16,matched method and normalized route in actions
POST,api/clinic/visits/{id:guid}/complete,VisitsController.cs,CompleteVisit,wired,POST,/api/clinic/visits/${visitId}/complete,Frontend/actions/visit/complete-visit.ts:15,matched method and normalized route in actions
GET,api/clinic/visits/{id:guid},VisitsController.cs,GetVisit,wired,GET,/api/clinic/visits/${visitId},Frontend/actions/visit/get-visit.ts:22,matched method and normalized route in actions
GET,api/clinic/patients/{patientId:guid}/visits,VisitsController.cs,GetPatientVisits,wired,GET,/api/clinic/patients/${patientId}/visits?${queryParams.toString()},Frontend/actions/patient/get-patient-profile.ts:48,matched method and normalized route in actions
GET,api/clinic/patients/{patientId:guid}/summary,VisitsController.cs,GetPatientSummary,wired,GET,/api/clinic/patients/${patientId}/summary,Frontend/actions/patient/get-patient-summary.ts:29,matched method and normalized route in actions
GET,api/clinic/visits/my,VisitsController.cs,GetMyVisits,wired,GET,/api/clinic/visits/my,Frontend/actions/doctor/get-my-today-visits.ts:18,matched method and normalized route in actions
GET,api/clinic/visits/my/patients,VisitsController.cs,GetMyPatients,wired,GET,/api/clinic/visits/my/patients,Frontend/actions/visit/advanced.ts:17,matched method and normalized route in actions
GET,api/clinic/visits/maintenance/stale-open,VisitsController.cs,GetStaleOpenVisits,wired,GET,/api/clinic/visits/maintenance/stale-open,Frontend/actions/visit/advanced.ts:31,matched method and normalized route in actions
POST,api/clinic/visits/maintenance/{id:guid}/close,VisitsController.cs,CloseStaleVisit,wired,POST,/api/clinic/visits/maintenance/${visitId}/close,Frontend/actions/visit/advanced.ts:46,matched method and normalized route in actions
POST,api/clinic/visits/{id:guid}/inventory-usage,VisitsController.cs,RecordInventoryUsage,wired,POST,/api/clinic/visits/${visitId}/inventory-usage,Frontend/actions/visit/advanced.ts:62,matched method and normalized route in actions
POST,api/clinic/workforce/doctors/{doctorId:guid}/compensation-rules,WorkforceController.cs,CreateCompensationRule,wired,POST,/api/clinic/workforce/doctors/${doctorId}/compensation-rules,Frontend/actions/workforce/workforce.ts:54,matched method and normalized route in actions
GET,api/clinic/workforce/doctors/{doctorId:guid}/compensation-rules,WorkforceController.cs,ListCompensationRules,wired,GET,/api/clinic/workforce/doctors/${doctorId}/compensation-rules,Frontend/actions/workforce/workforce.ts:34,matched method and normalized route in actions
POST,api/clinic/workforce/attendance,WorkforceController.cs,CreateAttendance,wired,POST,/api/clinic/workforce/attendance,Frontend/actions/workforce/workforce.ts:95,matched method and normalized route in actions
POST,api/clinic/workforce/absence,WorkforceController.cs,CreateAbsence,wired,POST,/api/clinic/workforce/absence,Frontend/actions/workforce/workforce.ts:153,matched method and normalized route in actions
GET,api/clinic/workforce/absence,WorkforceController.cs,ListAbsence,wired,GET,/api/clinic/workforce/absence,Frontend/actions/workforce/workforce.ts:133,matched method and normalized route in actions
PUT,api/clinic/workforce/attendance/{attendanceId:guid}/checkout,WorkforceController.cs,CheckOutAttendance,wired,PUT,/api/clinic/workforce/attendance/${attendanceId}/checkout,Frontend/actions/workforce/workforce.ts:113,matched method and normalized route in actions
GET,api/clinic/workforce/attendance,WorkforceController.cs,ListAttendance,wired,GET,/api/clinic/workforce/attendance,Frontend/actions/workforce/workforce.ts:74,matched method and normalized route in actions
POST,api/clinic/workforce/salary-payouts,WorkforceController.cs,CreateSalaryPayout,wired,POST,/api/clinic/workforce/salary-payouts,Frontend/actions/workforce/workforce.ts:176,matched method and normalized route in actions
POST,api/clinic/workforce/daily-closing/generate,WorkforceController.cs,GenerateDailyClosing,wired,POST,/api/clinic/workforce/daily-closing/generate,Frontend/actions/workforce/workforce.ts:194,matched method and normalized route in actions
GET,api/clinic/workforce/daily-closing,WorkforceController.cs,GetDailyClosingSnapshots,wired,GET,/api/clinic/workforce/daily-closing,Frontend/actions/workforce/workforce.ts:218,matched method and normalized route in actions