HttpVerb,RouteLiteral,NormalizedRoute,FrontendFile,Line
POST,/api/Auth/login,api/auth/login,Frontend/actions/auth/login.ts,10
POST,/api/Auth/patient/login,api/auth/patient/login,Frontend/actions/auth/patientLogin.ts,13
POST,/api/auth/refresh,api/auth/refresh,Frontend/actions/auth/refresh-token.ts,20
POST,/api/clinic/invoices,api/clinic/invoices,Frontend/actions/billing/create-invoice.ts,22
PUT,/api/clinic/invoices/,api/clinic/invoices,Frontend/actions/billing/update-invoice.ts,16
PUT,/api/clinic/invoices/${invoiceId},api/clinic/invoices/{},Frontend/actions/billing/update-invoice.ts,16
POST,/api/clinic/bookings/,api/clinic/bookings,Frontend/actions/booking/cancel-booking.ts,13
POST,/api/clinic/bookings/${bookingId}/cancel,api/clinic/bookings/{}/cancel,Frontend/actions/booking/cancel-booking.ts,13
POST,/api/clinic/bookings,api/clinic/bookings,Frontend/actions/booking/create-booking.ts,20
GET,/api/clinic/bookings,api/clinic/bookings,Frontend/actions/booking/get-booking.ts,17
GET,/api/clinic/bookings?${queryParams.toString()},api/clinic/bookings,Frontend/actions/booking/get-booking.ts,17
GET,/api/clinic/bookings/,api/clinic/bookings,Frontend/actions/booking/get-booking.ts,37
GET,/api/clinic/bookings/${bookingId},api/clinic/bookings/{},Frontend/actions/booking/get-booking.ts,37
POST,/api/clinic/bookings/,api/clinic/bookings,Frontend/actions/booking/reschedule-booking.ts,17
POST,/api/clinic/bookings/${bookingId}/reschedule,api/clinic/bookings/{}/reschedule,Frontend/actions/booking/reschedule-booking.ts,17
POST,/api/clinic/doctors,api/clinic/doctors,Frontend/actions/doctor/create-doctor.ts,32
GET,/api/clinic/doctors/,api/clinic/doctors,Frontend/actions/doctor/get-doctor.ts,11
GET,/api/clinic/doctors/${doctorId},api/clinic/doctors/{},Frontend/actions/doctor/get-doctor.ts,11
GET,/api/clinic/doctors/me,api/clinic/doctors/me,Frontend/actions/doctor/get-doctor.ts,21
PUT,/api/clinic/doctors/,api/clinic/doctors,Frontend/actions/doctor/get-doctor.ts,33
PUT,/api/clinic/doctors/${doctorId}/services,api/clinic/doctors/{}/services,Frontend/actions/doctor/get-doctor.ts,33
GET,/api/clinic/doctors,api/clinic/doctors,Frontend/actions/doctor/get-doctors.ts,11
GET,/api/clinic/doctors?pageNumber=1&pageSize=1000,api/clinic/doctors,Frontend/actions/doctor/get-doctors.ts,11
GET,/api/clinic/doctors/me/patients,api/clinic/doctors/me/patients,Frontend/actions/doctor/get-my-patients.ts,22
GET,/api/clinic/doctors/me/patients?${params.toString()},api/clinic/doctors/me/patients,Frontend/actions/doctor/get-my-patients.ts,22
GET,/api/clinic/queue/my-queue,api/clinic/queue/my-queue,Frontend/actions/doctor/get-my-queue.ts,11
GET,/api/clinic/visits/my,api/clinic/visits/my,Frontend/actions/doctor/get-my-today-visits.ts,18
GET,/api/clinic/visits/my?fromDate=${dateOnly}&toDate=${dateOnly}&pageNumber=1&pageSize=100,api/clinic/visits/my,Frontend/actions/doctor/get-my-today-visits.ts,18
GET,/api/clinic/doctors/me/visit-fields,api/clinic/doctors/me/visit-fields,Frontend/actions/doctor/get-my-visit-fields.ts,10
GET,/api/clinic/doctors/me/patients/,api/clinic/doctors/me/patients,Frontend/actions/doctor/get-patient-history.ts,18
GET,/api/clinic/doctors/me/patients/${patientId}/history?${params.toString()},api/clinic/doctors/me/patients/{}/history,Frontend/actions/doctor/get-patient-history.ts,18
POST,/api/clinic/doctors/,api/clinic/doctors,Frontend/actions/doctor/toggle-doctor-status.ts,17
POST,/api/clinic/doctors/${doctorId}/disable,api/clinic/doctors/{}/disable,Frontend/actions/doctor/toggle-doctor-status.ts,17
POST,/api/clinic/doctors/${doctorId}/enable,api/clinic/doctors/{}/enable,Frontend/actions/doctor/toggle-doctor-status.ts,17
PUT,/api/clinic/doctors/,api/clinic/doctors,Frontend/actions/doctor/update-doctor.ts,14
PUT,/api/clinic/doctors/${id},api/clinic/doctors/{},Frontend/actions/doctor/update-doctor.ts,14
PATCH,/api/clinic/doctors/,api/clinic/doctors,Frontend/actions/doctor/update-doctor.ts,32
PATCH,/api/clinic/doctors/${id},api/clinic/doctors/{},Frontend/actions/doctor/update-doctor.ts,32
GET,/api/clinic/doctors/me/visit-fields,api/clinic/doctors/me/visit-fields,Frontend/actions/doctor/update-my-visit-fields.ts,12
PUT,/api/clinic/doctors/me/visit-fields,api/clinic/doctors/me/visit-fields,Frontend/actions/doctor/update-my-visit-fields.ts,24
PUT,/api/clinic/doctors/,api/clinic/doctors,Frontend/actions/doctor/update-visit-fields.ts,13
PUT,/api/clinic/doctors/${doctorId}/visit-fields,api/clinic/doctors/{}/visit-fields,Frontend/actions/doctor/update-visit-fields.ts,13
POST,/api/clinic/media/doctors/,api/clinic/media/doctors,Frontend/actions/doctor/upload-photo.ts,12
POST,/api/clinic/media/doctors/${doctorId}/photo,api/clinic/media/doctors/{}/photo,Frontend/actions/doctor/upload-photo.ts,12
GET,/api/clinic/expenses,api/clinic/expenses,Frontend/actions/finance/expenses.ts,22
GET,/api/clinic/expenses?pageNumber=${pageNumber}&pageSize=${pageSize},api/clinic/expenses,Frontend/actions/finance/expenses.ts,22
POST,/api/clinic/expenses,api/clinic/expenses,Frontend/actions/finance/expenses.ts,33
PUT,/api/clinic/expenses/,api/clinic/expenses,Frontend/actions/finance/expenses.ts,47
PUT,/api/clinic/expenses/${id},api/clinic/expenses/{},Frontend/actions/finance/expenses.ts,47
DELETE,/api/clinic/expenses/,api/clinic/expenses,Frontend/actions/finance/expenses.ts,57
DELETE,/api/clinic/expenses/${id},api/clinic/expenses/{},Frontend/actions/finance/expenses.ts,57
GET,/api/clinic/finance/daily,api/clinic/finance/daily,Frontend/actions/finance/get-daily-finance.ts,7
GET,/api/clinic/invoices,api/clinic/invoices,Frontend/actions/finance/invoices.ts,22
GET,/api/clinic/invoices?pageNumber=${pageNumber}&pageSize=${pageSize},api/clinic/invoices,Frontend/actions/finance/invoices.ts,22
POST,/api/clinic/payments,api/clinic/payments,Frontend/actions/finance/invoices.ts,33
PATCH,/api/clinic/invoices/,api/clinic/invoices,Frontend/actions/finance/invoices.ts,51
PATCH,/api/clinic/invoices/${invoiceId},api/clinic/invoices/{},Frontend/actions/finance/invoices.ts,51
GET,/api/clinic/invoices/,api/clinic/invoices,Frontend/actions/finance/invoices.ts,65
GET,/api/clinic/invoices/${invoiceId},api/clinic/invoices/{},Frontend/actions/finance/invoices.ts,65
POST,/api/clinic/invoices/,api/clinic/invoices,Frontend/actions/finance/invoices.ts,83
POST,/api/clinic/invoices/${invoiceId}/line-items,api/clinic/invoices/{}/line-items,Frontend/actions/finance/invoices.ts,83
POST,/api/clinic/invoices/,api/clinic/invoices,Frontend/actions/finance/invoices.ts,105
POST,/api/clinic/invoices/${invoiceId}/adjustments,api/clinic/invoices/{}/adjustments,Frontend/actions/finance/invoices.ts,105
POST,/api/clinic/invoices/,api/clinic/invoices,Frontend/actions/finance/invoices.ts,129
POST,/api/clinic/invoices/${invoiceId}/refund,api/clinic/invoices/{}/refund,Frontend/actions/finance/invoices.ts,129
GET,/api/clinic/invoices/,api/clinic/invoices,Frontend/actions/finance/invoices.ts,150
GET,/api/clinic/invoices/${invoiceId}/payments,api/clinic/invoices/{}/payments,Frontend/actions/finance/invoices.ts,150
GET,/api/clinic/finance/profit,api/clinic/finance/profit,Frontend/actions/finance/reports.ts,18
GET,/api/clinic/finance/profit?${params.toString()},api/clinic/finance/profit,Frontend/actions/finance/reports.ts,18
GET,/api/clinic/finance/daily,api/clinic/finance/daily,Frontend/actions/finance/reports.ts,30
GET,/api/clinic/finance/daily?${params.toString()},api/clinic/finance/daily,Frontend/actions/finance/reports.ts,30
GET,/api/clinic/finance/by-doctor,api/clinic/finance/by-doctor,Frontend/actions/finance/reports.ts,47
GET,/api/clinic/finance/by-doctor?${params.toString()},api/clinic/finance/by-doctor,Frontend/actions/finance/reports.ts,47
GET,/api/clinic/finance/monthly,api/clinic/finance/monthly,Frontend/actions/finance/reports.ts,56
GET,/api/clinic/finance/monthly?year=${year}&month=${month},api/clinic/finance/monthly,Frontend/actions/finance/reports.ts,56
GET,/api/clinic/finance/yearly,api/clinic/finance/yearly,Frontend/actions/finance/reports.ts,68
GET,/api/clinic/finance/yearly?year=${year},api/clinic/finance/yearly,Frontend/actions/finance/reports.ts,68
GET,/api/clinic/inventory/items,api/clinic/inventory/items,Frontend/actions/inventory/items.ts,35
GET,/api/clinic/inventory/items${toQueryString(params)},api/clinic/inventory/items,Frontend/actions/inventory/items.ts,35
GET,/api/clinic/inventory/items/,api/clinic/inventory/items,Frontend/actions/inventory/items.ts,49
GET,/api/clinic/inventory/items/${itemId},api/clinic/inventory/items/{},Frontend/actions/inventory/items.ts,49
POST,/api/clinic/inventory/items,api/clinic/inventory/items,Frontend/actions/inventory/items.ts,60
PUT,/api/clinic/inventory/items/,api/clinic/inventory/items,Frontend/actions/inventory/items.ts,78
PUT,/api/clinic/inventory/items/${itemId},api/clinic/inventory/items/{},Frontend/actions/inventory/items.ts,78
POST,/api/clinic/inventory/items/,api/clinic/inventory/items,Frontend/actions/inventory/items.ts,96
POST,/api/clinic/inventory/items/${itemId}/activation,api/clinic/inventory/items/{}/activation,Frontend/actions/inventory/items.ts,96
POST,/api/clinic/visits/,api/clinic/visits,Frontend/actions/labs/create-lab-partner-order.ts,24
POST,/api/clinic/visits/${visitId}/labs/${labRequestId}/partner-order,api/clinic/visits/{}/labs/{}/partner-order,Frontend/actions/labs/create-lab-partner-order.ts,24
POST,/api/clinic/visits/,api/clinic/visits,Frontend/actions/labs/create-lab-request.ts,15
POST,/api/clinic/visits/${visitId}/labs,api/clinic/visits/{}/labs,Frontend/actions/labs/create-lab-request.ts,15
DELETE,/api/clinic/visits/,api/clinic/visits,Frontend/actions/labs/delete-lab-request.ts,13
DELETE,/api/clinic/visits/${visitId}/labs/${labId},api/clinic/visits/{}/labs/{},Frontend/actions/labs/delete-lab-request.ts,13
GET,/api/clinic/visits/,api/clinic/visits,Frontend/actions/labs/lab-requests.ts,13
GET,/api/clinic/visits/${visitId}/labs,api/clinic/visits/{}/labs,Frontend/actions/labs/lab-requests.ts,13
PUT,/api/clinic/visits/,api/clinic/visits,Frontend/actions/labs/lab-requests.ts,26
PUT,/api/clinic/visits/${visitId}/labs/${labId},api/clinic/visits/{}/labs/{},Frontend/actions/labs/lab-requests.ts,26
POST,/api/clinic/visits/,api/clinic/visits,Frontend/actions/labs/lab-requests.ts,49
POST,/api/clinic/visits/${visitId}/labs/${labId}/result,api/clinic/visits/{}/labs/{}/result,Frontend/actions/labs/lab-requests.ts,49
GET,/api/clinic/marketplace/orders,api/clinic/marketplace/orders,Frontend/actions/marketplace/orders.ts,31
GET,/api/clinic/marketplace/orders${toQueryString(params)},api/clinic/marketplace/orders,Frontend/actions/marketplace/orders.ts,31
GET,/api/clinic/marketplace/orders/,api/clinic/marketplace/orders,Frontend/actions/marketplace/orders.ts,45
GET,/api/clinic/marketplace/orders/${orderId},api/clinic/marketplace/orders/{},Frontend/actions/marketplace/orders.ts,45
POST,/api/clinic/marketplace/orders/,api/clinic/marketplace/orders,Frontend/actions/marketplace/orders.ts,57
POST,/api/clinic/marketplace/orders/${orderId}/status,api/clinic/marketplace/orders/{}/status,Frontend/actions/marketplace/orders.ts,57
GET,/api/clinic/messages,api/clinic/messages,Frontend/actions/messages/messages.ts,28
GET,/api/clinic/messages${query ? ,api/clinic/messages${query,Frontend/actions/messages/messages.ts,28
GET,/api/clinic/messages/,api/clinic/messages,Frontend/actions/messages/messages.ts,39
GET,/api/clinic/messages/${id},api/clinic/messages/{},Frontend/actions/messages/messages.ts,39
POST,/api/clinic/messages/send,api/clinic/messages/send,Frontend/actions/messages/messages.ts,50
POST,/api/clinic/messages/,api/clinic/messages,Frontend/actions/messages/messages.ts,67
POST,/api/clinic/messages/${id}/retry,api/clinic/messages/{}/retry,Frontend/actions/messages/messages.ts,67
POST,/api/clinic/doctor-notes,api/clinic/doctor-notes,Frontend/actions/notes/notes.ts,8
GET,/api/clinic/doctor-notes,api/clinic/doctor-notes,Frontend/actions/notes/notes.ts,17
GET,/api/clinic/doctor-notes/unread,api/clinic/doctor-notes/unread,Frontend/actions/notes/notes.ts,28
POST,/api/clinic/doctor-notes/,api/clinic/doctor-notes,Frontend/actions/notes/notes.ts,38
POST,/api/clinic/doctor-notes/${noteId}/read,api/clinic/doctor-notes/{}/read,Frontend/actions/notes/notes.ts,38
POST,/api/clinic/notifications/subscribe,api/clinic/notifications/subscribe,Frontend/actions/notifications/notifications.ts,18
DELETE,/api/clinic/notifications/,api/clinic/notifications,Frontend/actions/notifications/notifications.ts,35
DELETE,/api/clinic/notifications/${id},api/clinic/notifications/{},Frontend/actions/notifications/notifications.ts,35
GET,/api/clinic/notifications/my,api/clinic/notifications/my,Frontend/actions/notifications/notifications.ts,50
POST,/api/clinic/notifications/send,api/clinic/notifications/send,Frontend/actions/notifications/notifications.ts,61
GET,/api/clinic/notifications/in-app,api/clinic/notifications/in-app,Frontend/actions/notifications/notifications.ts,78
GET,/api/clinic/notifications/in-app${query ? ,api/clinic/notifications/in-app${query,Frontend/actions/notifications/notifications.ts,78
POST,/api/clinic/notifications/in-app/,api/clinic/notifications/in-app,Frontend/actions/notifications/notifications.ts,92
POST,/api/clinic/notifications/in-app/${id}/read,api/clinic/notifications/in-app/{}/read,Frontend/actions/notifications/notifications.ts,92
POST,/api/clinic/notifications/in-app/mark-all-read,api/clinic/notifications/in-app/mark-all-read,Frontend/actions/notifications/notifications.ts,107
GET,/api/clinic/partners,api/clinic/partners,Frontend/actions/partner/workflow.ts,69
GET,/api/clinic/partners${query},api/clinic/partners,Frontend/actions/partner/workflow.ts,69
POST,/api/clinic/partners,api/clinic/partners,Frontend/actions/partner/workflow.ts,77
PUT,/api/clinic/partners/,api/clinic/partners,Frontend/actions/partner/workflow.ts,95
PUT,/api/clinic/partners/${partnerId},api/clinic/partners/{},Frontend/actions/partner/workflow.ts,95
POST,/api/clinic/partners/,api/clinic/partners,Frontend/actions/partner/workflow.ts,113
POST,/api/clinic/partners/${partnerId}/activation,api/clinic/partners/{}/activation,Frontend/actions/partner/workflow.ts,113
GET,/api/clinic/partners/contracts,api/clinic/partners/contracts,Frontend/actions/partner/workflow.ts,136
GET,/api/clinic/partners/contracts${query ? ,api/clinic/partners/contracts${query,Frontend/actions/partner/workflow.ts,136
POST,/api/clinic/partners/contracts,api/clinic/partners/contracts,Frontend/actions/partner/workflow.ts,147
PUT,/api/clinic/partners/contracts/,api/clinic/partners/contracts,Frontend/actions/partner/workflow.ts,165
PUT,/api/clinic/partners/contracts/${contractId},api/clinic/partners/contracts/{},Frontend/actions/partner/workflow.ts,165
GET,/api/clinic/partner-orders,api/clinic/partner-orders,Frontend/actions/partner/workflow.ts,184
GET,/api/clinic/partner-orders${query},api/clinic/partner-orders,Frontend/actions/partner/workflow.ts,184
GET,/api/clinic/partner-orders/,api/clinic/partner-orders,Frontend/actions/partner/workflow.ts,192
GET,/api/clinic/partner-orders/${orderId},api/clinic/partner-orders/{},Frontend/actions/partner/workflow.ts,192
POST,/api/clinic/partner-orders/,api/clinic/partner-orders,Frontend/actions/partner/workflow.ts,209
POST,/api/clinic/partner-orders/${orderId}/status,api/clinic/partner-orders/{}/status,Frontend/actions/partner/workflow.ts,209
POST,/api/clinic/partner-orders/,api/clinic/partner-orders,Frontend/actions/partner/workflow.ts,224
POST,/api/clinic/partner-orders/${orderId}/accept,api/clinic/partner-orders/{}/accept,Frontend/actions/partner/workflow.ts,224
POST,/api/clinic/partner-orders/,api/clinic/partner-orders,Frontend/actions/partner/workflow.ts,237
POST,/api/clinic/partner-orders/${orderId}/schedule,api/clinic/partner-orders/{}/schedule,Frontend/actions/partner/workflow.ts,237
POST,/api/clinic/partner-orders/,api/clinic/partner-orders,Frontend/actions/partner/workflow.ts,250
POST,/api/clinic/partner-orders/${orderId}/arrived,api/clinic/partner-orders/{}/arrived,Frontend/actions/partner/workflow.ts,250
POST,/api/clinic/partner-orders/,api/clinic/partner-orders,Frontend/actions/partner/workflow.ts,268
POST,/api/clinic/partner-orders/${orderId}/result,api/clinic/partner-orders/{}/result,Frontend/actions/partner/workflow.ts,268
GET,/api/clinic/partners/services,api/clinic/partners/services,Frontend/actions/partner/workflow.ts,287
GET,/api/clinic/partners/services${query ? ,api/clinic/partners/services${query,Frontend/actions/partner/workflow.ts,287
POST,/api/clinic/partners/services,api/clinic/partners/services,Frontend/actions/partner/workflow.ts,301
PUT,/api/clinic/partners/services/,api/clinic/partners/services,Frontend/actions/partner/workflow.ts,313
PUT,/api/clinic/partners/services/${itemId},api/clinic/partners/services/{},Frontend/actions/partner/workflow.ts,313
POST,/api/clinic/partners/,api/clinic/partners,Frontend/actions/partner/workflow.ts,331
POST,/api/clinic/partners/${partnerId}/users,api/clinic/partners/{}/users,Frontend/actions/partner/workflow.ts,331
PUT,/api/clinic/bookings/,api/clinic/bookings,Frontend/actions/patient-app/cancel-booking-patient.ts,13
PUT,/api/clinic/bookings/${bookingId}/cancel,api/clinic/bookings/{}/cancel,Frontend/actions/patient-app/cancel-booking-patient.ts,13
GET,/api/clinic/bookings/my,api/clinic/bookings/my,Frontend/actions/patient-app/get-my-bookings.ts,11
GET,/api/clinic/queue/my-ticket,api/clinic/queue/my-ticket,Frontend/actions/patient-app/get-my-ticket.ts,10
GET,/api/clinic/patient-app/profiles/,api/clinic/patient-app/profiles,Frontend/actions/patient-app/profile.ts,18
GET,/api/clinic/patient-app/profiles/${patientId},api/clinic/patient-app/profiles/{},Frontend/actions/patient-app/profile.ts,18
GET,/api/clinic/patient-app/profiles/,api/clinic/patient-app/profiles,Frontend/actions/patient-app/profile.ts,33
GET,/api/clinic/patient-app/profiles/${patientId}/visits?pageNumber=${pageNumber}&pageSize=${pageSize},api/clinic/patient-app/profiles/{}/visits,Frontend/actions/patient-app/profile.ts,33
GET,/api/clinic/patient-app/profiles/,api/clinic/patient-app/profiles,Frontend/actions/patient-app/profile.ts,46
GET,/api/clinic/patient-app/profiles/${patientId}/summary,api/clinic/patient-app/profiles/{}/summary,Frontend/actions/patient-app/profile.ts,46
GET,/api/clinic/patient-app/profiles/,api/clinic/patient-app/profiles,Frontend/actions/patient-app/profile.ts,56
GET,/api/clinic/patient-app/profiles/${patientId}/queue-ticket,api/clinic/patient-app/profiles/{}/queue-ticket,Frontend/actions/patient-app/profile.ts,56
GET,/api/clinic/patient-app/profiles/,api/clinic/patient-app/profiles,Frontend/actions/patient-app/profile.ts,69
GET,/api/clinic/patient-app/profiles/${patientId}/bookings,api/clinic/patient-app/profiles/{}/bookings,Frontend/actions/patient-app/profile.ts,69
GET,/api/clinic/patient-app/profiles/,api/clinic/patient-app/profiles,Frontend/actions/patient-app/profile.ts,79
GET,/api/clinic/patient-app/profiles/${patientId}/partner-orders,api/clinic/patient-app/profiles/{}/partner-orders,Frontend/actions/patient-app/profile.ts,79
GET,/api/clinic/patient-credits/,api/clinic/patient-credits,Frontend/actions/patient-app/profile.ts,92
GET,/api/clinic/patient-credits/${patientId}/balance,api/clinic/patient-credits/{}/balance,Frontend/actions/patient-app/profile.ts,92
GET,/api/clinic/patient-credits/,api/clinic/patient-credits,Frontend/actions/patient-app/profile.ts,107
GET,/api/clinic/patient-credits/${patientId}/history?pageNumber=${pageNumber}&pageSize=${pageSize},api/clinic/patient-credits/{}/history,Frontend/actions/patient-app/profile.ts,107
GET,/api/clinic/patients/,api/clinic/patients,Frontend/actions/patient-medical/documents.ts,16
GET,/api/clinic/patients/${patientId}/medical-documents,api/clinic/patients/{}/medical-documents,Frontend/actions/patient-medical/documents.ts,16
POST,/api/clinic/patients/,api/clinic/patients,Frontend/actions/patient-medical/documents.ts,28
POST,/api/clinic/patients/${patientId}/medical-documents,api/clinic/patients/{}/medical-documents,Frontend/actions/patient-medical/documents.ts,28
GET,/api/clinic/patients/,api/clinic/patients,Frontend/actions/patient-medical/documents.ts,46
GET,/api/clinic/patients/${patientId}/medical-documents/${documentId},api/clinic/patients/{}/medical-documents/{},Frontend/actions/patient-medical/documents.ts,46
GET,/api/clinic/patients/,api/clinic/patients,Frontend/actions/patient-medical/documents.ts,61
GET,/api/clinic/patients/${patientId}/medical-documents/${documentId}/threads,api/clinic/patients/{}/medical-documents/{}/threads,Frontend/actions/patient-medical/documents.ts,61
POST,/api/clinic/patients/,api/clinic/patients,Frontend/actions/patient-medical/documents.ts,77
POST,/api/clinic/patients/${patientId}/medical-documents/${documentId}/threads,api/clinic/patients/{}/medical-documents/{}/threads,Frontend/actions/patient-medical/documents.ts,77
POST,/api/clinic/patients/,api/clinic/patients,Frontend/actions/patient-medical/documents.ts,100
POST,/api/clinic/patients/${patientId}/medical-documents/${documentId}/threads/${threadId}/replies,api/clinic/patients/{}/medical-documents/{}/threads/{}/replies,Frontend/actions/patient-medical/documents.ts,100
POST,/api/clinic/patients/,api/clinic/patients,Frontend/actions/patient-medical/documents.ts,123
POST,/api/clinic/patients/${patientId}/medical-documents/${documentId}/threads/${threadId}/close,api/clinic/patients/{}/medical-documents/{}/threads/{}/close,Frontend/actions/patient-medical/documents.ts,123
GET,/api/clinic/patients/,api/clinic/patients,Frontend/actions/patient-medical/documents.ts,143
GET,/api/clinic/patients/${patientId}/chronic-conditions,api/clinic/patients/{}/chronic-conditions,Frontend/actions/patient-medical/documents.ts,143
PUT,/api/clinic/patients/,api/clinic/patients,Frontend/actions/patient-medical/documents.ts,162
PUT,/api/clinic/patients/${patientId}/chronic-conditions,api/clinic/patients/{}/chronic-conditions,Frontend/actions/patient-medical/documents.ts,162
POST,/api/clinic/patients/,api/clinic/patients,Frontend/actions/patient/add-subprofile.ts,20
POST,/api/clinic/patients/${parentId}/profiles,api/clinic/patients/{}/profiles,Frontend/actions/patient/add-subprofile.ts,20
POST,/api/clinic/patients,api/clinic/patients,Frontend/actions/patient/createPatient.ts,9
DELETE,/api/clinic/patients/,api/clinic/patients,Frontend/actions/patient/delete-patient.ts,11
DELETE,/api/clinic/patients/${id},api/clinic/patients/{},Frontend/actions/patient/delete-patient.ts,11
GET,/api/clinic/patients/,api/clinic/patients,Frontend/actions/patient/get-chronic-conditions.ts,7
GET,/api/clinic/patients/${patientId}/chronic-conditions,api/clinic/patients/{}/chronic-conditions,Frontend/actions/patient/get-chronic-conditions.ts,7
GET,/api/clinic/patients/,api/clinic/patients,Frontend/actions/patient/get-patient-profile.ts,29
GET,/api/clinic/patients/${patientId},api/clinic/patients/{},Frontend/actions/patient/get-patient-profile.ts,29
GET,/api/clinic/patients/,api/clinic/patients,Frontend/actions/patient/get-patient-profile.ts,48
GET,/api/clinic/patients/${patientId}/visits?${queryParams.toString()},api/clinic/patients/{}/visits,Frontend/actions/patient/get-patient-profile.ts,48
GET,/api/clinic/patients/,api/clinic/patients,Frontend/actions/patient/get-patient-summary.ts,29
GET,/api/clinic/patients/${patientId}/summary,api/clinic/patients/{}/summary,Frontend/actions/patient/get-patient-summary.ts,29
GET,/api/clinic/patients/,api/clinic/patients,Frontend/actions/patient/getPatient.ts,11
GET,/api/clinic/patients/${patientId},api/clinic/patients/{},Frontend/actions/patient/getPatient.ts,11
GET,/api/clinic/patients,api/clinic/patients,Frontend/actions/patient/getPatients.ts,20
GET,/api/clinic/patients?${queryParams.toString()},api/clinic/patients,Frontend/actions/patient/getPatients.ts,20
PUT,/api/clinic/patients/,api/clinic/patients,Frontend/actions/patient/update-patient.ts,18
PUT,/api/clinic/patients/${id},api/clinic/patients/{},Frontend/actions/patient/update-patient.ts,18
PATCH,/api/clinic/patients/,api/clinic/patients,Frontend/actions/patient/update-patient.ts,39
PATCH,/api/clinic/patients/${id},api/clinic/patients/{},Frontend/actions/patient/update-patient.ts,39
POST,/api/clinic/patients/,api/clinic/patients,Frontend/actions/patient/update-patient.ts,58
POST,/api/clinic/patients/${id}/reset-password,api/clinic/patients/{}/reset-password,Frontend/actions/patient/update-patient.ts,58
POST,/api/clinic/patients/,api/clinic/patients,Frontend/actions/patient/update-patient.ts,69
POST,/api/clinic/patients/${id}/send-credentials,api/clinic/patients/{}/send-credentials,Frontend/actions/patient/update-patient.ts,69
PUT,/api/clinic/patients/,api/clinic/patients,Frontend/actions/patient/updateChronicConditions.ts,12
PUT,/api/clinic/patients/${patientId}/chronic-conditions,api/clinic/patients/{}/chronic-conditions,Frontend/actions/patient/updateChronicConditions.ts,12
POST,/api/platform/tenants,api/platform/tenants,Frontend/actions/platform/create-tenant.ts,12
PUT,/api/platform/tenants/,api/platform/tenants,Frontend/actions/platform/create-tenant.ts,28
PUT,/api/platform/tenants/${tenantId},api/platform/tenants/{},Frontend/actions/platform/create-tenant.ts,28
DELETE,/api/platform/tenants/,api/platform/tenants,Frontend/actions/platform/delete-tenant.ts,8
DELETE,/api/platform/tenants/${id},api/platform/tenants/{},Frontend/actions/platform/delete-tenant.ts,8
DELETE,/api/platform/tenants/,api/platform/tenants,Frontend/actions/platform/delete-tenant.ts,12
DELETE,/api/platform/tenants/${id},api/platform/tenants/{},Frontend/actions/platform/delete-tenant.ts,12
GET,/api/platform/feature-flags/,api/platform/feature-flags,Frontend/actions/platform/feature-flags.ts,11
GET,/api/platform/feature-flags/${tenantId},api/platform/feature-flags/{},Frontend/actions/platform/feature-flags.ts,11
PUT,/api/platform/feature-flags/,api/platform/feature-flags,Frontend/actions/platform/feature-flags.ts,19
PUT,/api/platform/feature-flags/${tenantId},api/platform/feature-flags/{},Frontend/actions/platform/feature-flags.ts,19
GET,/api/platform/tenants,api/platform/tenants,Frontend/actions/platform/get-tenants.ts,8
GET,/api/platform/tenants?pageNumber=1&pageSize=10000,api/platform/tenants,Frontend/actions/platform/get-tenants.ts,8
GET,/api/platform/tenants/,api/platform/tenants,Frontend/actions/platform/get-tenants.ts,15
GET,/api/platform/tenants/${tenantId},api/platform/tenants/{},Frontend/actions/platform/get-tenants.ts,15
GET,/api/Health,api/health,Frontend/actions/platform/health.ts,7
GET,/api/platform/subscriptions,api/platform/subscriptions,Frontend/actions/platform/subscriptions.ts,18
GET,/api/platform/subscriptions${query},api/platform/subscriptions,Frontend/actions/platform/subscriptions.ts,18
POST,/api/platform/subscriptions,api/platform/subscriptions,Frontend/actions/platform/subscriptions.ts,24
POST,/api/platform/subscriptions/,api/platform/subscriptions,Frontend/actions/platform/subscriptions.ts,36
POST,/api/platform/subscriptions/${id}/extend,api/platform/subscriptions/{}/extend,Frontend/actions/platform/subscriptions.ts,36
POST,/api/platform/subscriptions/,api/platform/subscriptions,Frontend/actions/platform/subscriptions.ts,48
POST,/api/platform/subscriptions/${id}/cancel,api/platform/subscriptions/{}/cancel,Frontend/actions/platform/subscriptions.ts,48
POST,/api/platform/subscriptions/,api/platform/subscriptions,Frontend/actions/platform/subscriptions.ts,60
POST,/api/platform/subscriptions/${id}/mark-paid,api/platform/subscriptions/{}/mark-paid,Frontend/actions/platform/subscriptions.ts,60
POST,/api/platform/tenants/,api/platform/tenants,Frontend/actions/platform/tenant-actions.ts,9
POST,/api/platform/tenants/${id}/activate,api/platform/tenants/{}/activate,Frontend/actions/platform/tenant-actions.ts,9
POST,/api/platform/tenants/,api/platform/tenants,Frontend/actions/platform/tenant-actions.ts,15
POST,/api/platform/tenants/${id}/suspend,api/platform/tenants/{}/suspend,Frontend/actions/platform/tenant-actions.ts,15
POST,/api/platform/tenants/,api/platform/tenants,Frontend/actions/platform/tenant-actions.ts,21
POST,/api/platform/tenants/${id}/block,api/platform/tenants/{}/block,Frontend/actions/platform/tenant-actions.ts,21
POST,/api/clinic/visits/,api/clinic/visits,Frontend/actions/prescription/create-prescription-partner-order.ts,24
POST,/api/clinic/visits/${visitId}/prescriptions/${prescriptionId}/partner-order,api/clinic/visits/{}/prescriptions/{}/partner-order,Frontend/actions/prescription/create-prescription-partner-order.ts,24
POST,/api/clinic/visits/,api/clinic/visits,Frontend/actions/prescription/create-prescription.ts,16
POST,/api/clinic/visits/${visitId}/prescriptions,api/clinic/visits/{}/prescriptions,Frontend/actions/prescription/create-prescription.ts,16
DELETE,/api/clinic/visits/,api/clinic/visits,Frontend/actions/prescription/delete-prescription.ts,12
DELETE,/api/clinic/visits/${visitId}/prescriptions/${prescriptionId},api/clinic/visits/{}/prescriptions/{},Frontend/actions/prescription/delete-prescription.ts,12
GET,/api/clinic/visits/,api/clinic/visits,Frontend/actions/prescription/prescriptions.ts,11
GET,/api/clinic/visits/${visitId}/prescriptions,api/clinic/visits/{}/prescriptions,Frontend/actions/prescription/prescriptions.ts,11
GET,/api/clinic/visits/,api/clinic/visits,Frontend/actions/prescription/prescriptions.ts,23
GET,/api/clinic/visits/${visitId}/prescriptions/${prescriptionId}/revisions,api/clinic/visits/{}/prescriptions/{}/revisions,Frontend/actions/prescription/prescriptions.ts,23
PUT,/api/clinic/visits/,api/clinic/visits,Frontend/actions/prescription/update-prescription.ts,14
PUT,/api/clinic/visits/${visitId}/prescriptions/${prescriptionId},api/clinic/visits/{}/prescriptions/{},Frontend/actions/prescription/update-prescription.ts,14
GET,/api/public/,api/public,Frontend/actions/public/landing.ts,17
GET,/api/public/${slug}/landing,api/public/{}/landing,Frontend/actions/public/landing.ts,17
GET,/api/public/,api/public,Frontend/actions/public/landing.ts,24
GET,/api/public/${slug}/clinic,api/public/{}/clinic,Frontend/actions/public/landing.ts,24
GET,/api/public/,api/public,Frontend/actions/public/landing.ts,31
GET,/api/public/${slug}/doctors,api/public/{}/doctors,Frontend/actions/public/landing.ts,31
GET,/api/public/,api/public,Frontend/actions/public/landing.ts,40
GET,/api/public/${slug}/doctors/available-now,api/public/{}/doctors/available-now,Frontend/actions/public/landing.ts,40
GET,/api/public/,api/public,Frontend/actions/public/landing.ts,47
GET,/api/public/${slug}/services,api/public/{}/services,Frontend/actions/public/landing.ts,47
GET,/api/public/,api/public,Frontend/actions/public/landing.ts,56
GET,/api/public/${slug}/payment-options,api/public/{}/payment-options,Frontend/actions/public/landing.ts,56
GET,/api/public/,api/public,Frontend/actions/public/landing.ts,65
GET,/api/public/${slug}/working-hours,api/public/{}/working-hours,Frontend/actions/public/landing.ts,65
GET,/api/public/,api/public,Frontend/actions/public/landing.ts,88
GET,/api/public/${slug}/marketplace/items,api/public/{}/marketplace/items,Frontend/actions/public/landing.ts,88
GET,/api/public/${slug}/marketplace/items?${query},api/public/{}/marketplace/items,Frontend/actions/public/landing.ts,88
GET,/api/public/,api/public,Frontend/actions/public/landing.ts,98
GET,/api/public/${slug}/marketplace/items/${itemId},api/public/{}/marketplace/items/{},Frontend/actions/public/landing.ts,98
POST,/api/public/,api/public,Frontend/actions/public/landing.ts,114
POST,/api/public/${slug}/marketplace/orders,api/public/{}/marketplace/orders,Frontend/actions/public/landing.ts,114
GET,/api/auth/me,api/auth/me,Frontend/actions/queue/open-my-session.ts,24
GET,/api/clinic/doctors,api/clinic/doctors,Frontend/actions/queue/open-my-session.ts,27
POST,/api/clinic/queue/sessions,api/clinic/queue/sessions,Frontend/actions/queue/open-my-session.ts,45
GET,/api/clinic/queue/board,api/clinic/queue/board,Frontend/actions/queue/queue-board.ts,7
POST,/api/clinic/queue/sessions,api/clinic/queue/sessions,Frontend/actions/queue/sessions.ts,13
POST,/api/clinic/queue/sessions/,api/clinic/queue/sessions,Frontend/actions/queue/sessions.ts,30
POST,/api/clinic/queue/sessions/${sessionId}/close,api/clinic/queue/sessions/{}/close,Frontend/actions/queue/sessions.ts,30
POST,/api/clinic/queue/sessions/close-all,api/clinic/queue/sessions/close-all,Frontend/actions/queue/sessions.ts,45
GET,/api/clinic/queue/sessions,api/clinic/queue/sessions,Frontend/actions/queue/sessions.ts,64
GET,/api/clinic/queue/sessions${query},api/clinic/queue/sessions,Frontend/actions/queue/sessions.ts,64
GET,/api/clinic/queue/sessions/,api/clinic/queue/sessions,Frontend/actions/queue/sessions.ts,75
GET,/api/clinic/queue/sessions/${sessionId},api/clinic/queue/sessions/{},Frontend/actions/queue/sessions.ts,75
GET,/api/clinic/queue/sessions/,api/clinic/queue/sessions,Frontend/actions/queue/sessions.ts,86
GET,/api/clinic/queue/sessions/${sessionId}/tickets,api/clinic/queue/sessions/{}/tickets,Frontend/actions/queue/sessions.ts,86
POST,/api/clinic/queue/tickets/with-payment,api/clinic/queue/tickets/with-payment,Frontend/actions/queue/tickets.ts,12
POST,/api/clinic/queue/tickets,api/clinic/queue/tickets,Frontend/actions/queue/tickets.ts,33
POST,/api/clinic/queue/tickets/,api/clinic/queue/tickets,Frontend/actions/queue/tickets.ts,54
POST,/api/clinic/queue/tickets/${ticketId}/urgent,api/clinic/queue/tickets/{}/urgent,Frontend/actions/queue/tickets.ts,54
POST,/api/clinic/queue/tickets/,api/clinic/queue/tickets,Frontend/actions/queue/tickets.ts,71
POST,/api/clinic/queue/tickets/${ticketId}/cancel,api/clinic/queue/tickets/{}/cancel,Frontend/actions/queue/tickets.ts,71
POST,/api/clinic/queue/tickets/,api/clinic/queue/tickets,Frontend/actions/queue/tickets.ts,88
POST,/api/clinic/queue/tickets/${ticketId}/call,api/clinic/queue/tickets/{}/call,Frontend/actions/queue/tickets.ts,88
POST,/api/clinic/queue/tickets/,api/clinic/queue/tickets,Frontend/actions/queue/tickets.ts,105
POST,/api/clinic/queue/tickets/${ticketId}/start-visit,api/clinic/queue/tickets/{}/start-visit,Frontend/actions/queue/tickets.ts,105
POST,/api/clinic/queue/tickets/,api/clinic/queue/tickets,Frontend/actions/queue/tickets.ts,125
POST,/api/clinic/queue/tickets/${ticketId}/finish,api/clinic/queue/tickets/{}/finish,Frontend/actions/queue/tickets.ts,125
POST,/api/clinic/queue/tickets/,api/clinic/queue/tickets,Frontend/actions/queue/tickets.ts,142
POST,/api/clinic/queue/tickets/${ticketId}/skip,api/clinic/queue/tickets/{}/skip,Frontend/actions/queue/tickets.ts,142
GET,/api/clinic/reports/overview,api/clinic/reports/overview,Frontend/actions/reports/clinic-reports.ts,32
GET,/api/clinic/reports/overview${toQueryString(filters)},api/clinic/reports/overview,Frontend/actions/reports/clinic-reports.ts,32
GET,/api/clinic/reports/services,api/clinic/reports/services,Frontend/actions/reports/clinic-reports.ts,43
GET,/api/clinic/reports/services${toQueryString(filters)},api/clinic/reports/services,Frontend/actions/reports/clinic-reports.ts,43
GET,/api/clinic/reports/my-overview,api/clinic/reports/my-overview,Frontend/actions/reports/clinic-reports.ts,54
GET,/api/clinic/reports/my-overview${toQueryString(filters)},api/clinic/reports/my-overview,Frontend/actions/reports/clinic-reports.ts,54
GET,/api/clinic/self-service-requests,api/clinic/self-service-requests,Frontend/actions/self-service/requests.ts,33
GET,/api/clinic/self-service-requests${toQueryString(params)},api/clinic/self-service-requests,Frontend/actions/self-service/requests.ts,33
GET,/api/clinic/self-service-requests/,api/clinic/self-service-requests,Frontend/actions/self-service/requests.ts,47
GET,/api/clinic/self-service-requests/${requestId},api/clinic/self-service-requests/{},Frontend/actions/self-service/requests.ts,47
POST,/api/clinic/self-service-requests/,api/clinic/self-service-requests,Frontend/actions/self-service/requests.ts,59
POST,/api/clinic/self-service-requests/${requestId}/approve,api/clinic/self-service-requests/{}/approve,Frontend/actions/self-service/requests.ts,59
POST,/api/clinic/self-service-requests/,api/clinic/self-service-requests,Frontend/actions/self-service/requests.ts,80
POST,/api/clinic/self-service-requests/${requestId}/reject,api/clinic/self-service-requests/{}/reject,Frontend/actions/self-service/requests.ts,80
POST,/api/clinic/self-service-requests/,api/clinic/self-service-requests,Frontend/actions/self-service/requests.ts,101
POST,/api/clinic/self-service-requests/${requestId}/request-reupload,api/clinic/self-service-requests/{}/request-reupload,Frontend/actions/self-service/requests.ts,101
POST,/api/clinic/self-service-requests/,api/clinic/self-service-requests,Frontend/actions/self-service/requests.ts,122
POST,/api/clinic/self-service-requests/${requestId}/adjust-paid-amount,api/clinic/self-service-requests/{}/adjust-paid-amount,Frontend/actions/self-service/requests.ts,122
GET,/api/clinic/services,api/clinic/services,Frontend/actions/service/clinic-services.ts,22
GET,/api/clinic/services?${params.toString()},api/clinic/services,Frontend/actions/service/clinic-services.ts,22
GET,/api/clinic/services/,api/clinic/services,Frontend/actions/service/clinic-services.ts,37
GET,/api/clinic/services/${id},api/clinic/services/{},Frontend/actions/service/clinic-services.ts,37
POST,/api/clinic/services,api/clinic/services,Frontend/actions/service/clinic-services.ts,49
PATCH,/api/clinic/services/,api/clinic/services,Frontend/actions/service/clinic-services.ts,64
PATCH,/api/clinic/services/${id},api/clinic/services/{},Frontend/actions/service/clinic-services.ts,64
DELETE,/api/clinic/services/,api/clinic/services,Frontend/actions/service/clinic-services.ts,78
DELETE,/api/clinic/services/${id},api/clinic/services/{},Frontend/actions/service/clinic-services.ts,78
GET,/api/clinic/services/doctors/,api/clinic/services/doctors,Frontend/actions/service/doctor-services.ts,15
GET,/api/clinic/services/doctors/${doctorId}/links,api/clinic/services/doctors/{}/links,Frontend/actions/service/doctor-services.ts,15
PUT,/api/clinic/services/doctors/,api/clinic/services/doctors,Frontend/actions/service/doctor-services.ts,33
PUT,/api/clinic/services/doctors/${doctorId}/links/${clinicServiceId},api/clinic/services/doctors/{}/links/{},Frontend/actions/service/doctor-services.ts,33
DELETE,/api/clinic/services/doctors/,api/clinic/services/doctors,Frontend/actions/service/doctor-services.ts,51
DELETE,/api/clinic/services/doctors/${doctorId}/links/${clinicServiceId},api/clinic/services/doctors/{}/links/{},Frontend/actions/service/doctor-services.ts,51
GET,/api/clinic/settings,api/clinic/settings,Frontend/actions/settings/get-settings.ts,10
GET,/api/clinic/settings/payment-options,api/clinic/settings/payment-options,Frontend/actions/settings/get-settings.ts,19
PUT,/api/clinic/settings,api/clinic/settings,Frontend/actions/settings/update-settings.ts,9
PATCH,/api/clinic/settings,api/clinic/settings,Frontend/actions/settings/update-settings.ts,26
PUT,/api/clinic/settings/payment-methods,api/clinic/settings/payment-methods,Frontend/actions/settings/update-settings.ts,43
POST,/api/clinic/media/clinic-logo,api/clinic/media/clinic-logo,Frontend/actions/settings/upload-logo.ts,11
POST,/api/clinic/media/clinic-image,api/clinic/media/clinic-image,Frontend/actions/settings/upload-logo.ts,29
POST,/api/clinic/staff,api/clinic/staff,Frontend/actions/staff/create-staff.ts,13
POST,/api/clinic/staff/payroll-only,api/clinic/staff/payroll-only,Frontend/actions/staff/create-staff.ts,30
GET,/api/clinic/staff,api/clinic/staff,Frontend/actions/staff/get-staff.ts,15
GET,/api/clinic/staff?${query},api/clinic/staff,Frontend/actions/staff/get-staff.ts,15
GET,/api/clinic/staff/,api/clinic/staff,Frontend/actions/staff/get-staff.ts,34
GET,/api/clinic/staff/${staffId},api/clinic/staff/{},Frontend/actions/staff/get-staff.ts,34
POST,/api/clinic/staff/,api/clinic/staff,Frontend/actions/staff/toggle-staff-status.ts,16
POST,/api/clinic/staff/${staffId}/${action},api/clinic/staff/{}/{},Frontend/actions/staff/toggle-staff-status.ts,16
POST,/api/clinic/staff/,api/clinic/staff,Frontend/actions/staff/toggle-staff-status.ts,33
POST,/api/clinic/staff/${staffId}/enable,api/clinic/staff/{}/enable,Frontend/actions/staff/toggle-staff-status.ts,33
POST,/api/clinic/staff/,api/clinic/staff,Frontend/actions/staff/toggle-staff-status.ts,43
POST,/api/clinic/staff/${staffId}/disable,api/clinic/staff/{}/disable,Frontend/actions/staff/toggle-staff-status.ts,43
PUT,/api/clinic/staff/,api/clinic/staff,Frontend/actions/staff/update-staff.ts,21
PUT,/api/clinic/staff/${data.id},api/clinic/staff/{},Frontend/actions/staff/update-staff.ts,21
PATCH,/api/clinic/staff/,api/clinic/staff,Frontend/actions/staff/update-staff.ts,40
PATCH,/api/clinic/staff/${id},api/clinic/staff/{},Frontend/actions/staff/update-staff.ts,40
GET,/api/clinic/visits/my/patients,api/clinic/visits/my/patients,Frontend/actions/visit/advanced.ts,17
GET,/api/clinic/visits/my/patients${query ? ,api/clinic/visits/my/patients${query,Frontend/actions/visit/advanced.ts,17
GET,/api/clinic/visits/maintenance/stale-open,api/clinic/visits/maintenance/stale-open,Frontend/actions/visit/advanced.ts,31
GET,/api/clinic/visits/maintenance/stale-open?olderThanHours=${olderThanHours},api/clinic/visits/maintenance/stale-open,Frontend/actions/visit/advanced.ts,31
POST,/api/clinic/visits/maintenance/,api/clinic/visits/maintenance,Frontend/actions/visit/advanced.ts,46
POST,/api/clinic/visits/maintenance/${visitId}/close,api/clinic/visits/maintenance/{}/close,Frontend/actions/visit/advanced.ts,46
POST,/api/clinic/visits/,api/clinic/visits,Frontend/actions/visit/advanced.ts,62
POST,/api/clinic/visits/${visitId}/inventory-usage,api/clinic/visits/{}/inventory-usage,Frontend/actions/visit/advanced.ts,62
POST,/api/clinic/visits/,api/clinic/visits,Frontend/actions/visit/complete-visit.ts,15
POST,/api/clinic/visits/${visitId}/complete,api/clinic/visits/{}/complete,Frontend/actions/visit/complete-visit.ts,15
GET,/api/clinic/patients/,api/clinic/patients,Frontend/actions/visit/get-patient-visit.ts,12
GET,/api/clinic/patients/${patientId}/visits?pageNumber=1&pageSize=1,api/clinic/patients/{}/visits,Frontend/actions/visit/get-patient-visit.ts,12
GET,/api/clinic/visits/,api/clinic/visits,Frontend/actions/visit/get-visit.ts,22
GET,/api/clinic/visits/${visitId},api/clinic/visits/{},Frontend/actions/visit/get-visit.ts,22
PUT,/api/clinic/visits/,api/clinic/visits,Frontend/actions/visit/update-visit.ts,16
PUT,/api/clinic/visits/${visitId},api/clinic/visits/{},Frontend/actions/visit/update-visit.ts,16
GET,/api/clinic/workforce/doctors/,api/clinic/workforce/doctors,Frontend/actions/workforce/workforce.ts,34
GET,/api/clinic/workforce/doctors/${doctorId}/compensation-rules,api/clinic/workforce/doctors/{}/compensation-rules,Frontend/actions/workforce/workforce.ts,34
POST,/api/clinic/workforce/doctors/,api/clinic/workforce/doctors,Frontend/actions/workforce/workforce.ts,54
POST,/api/clinic/workforce/doctors/${doctorId}/compensation-rules,api/clinic/workforce/doctors/{}/compensation-rules,Frontend/actions/workforce/workforce.ts,54
GET,/api/clinic/workforce/attendance,api/clinic/workforce/attendance,Frontend/actions/workforce/workforce.ts,74
GET,/api/clinic/workforce/attendance${toDateRangeQuery(filters)},api/clinic/workforce/attendance,Frontend/actions/workforce/workforce.ts,74
POST,/api/clinic/workforce/attendance,api/clinic/workforce/attendance,Frontend/actions/workforce/workforce.ts,95
PUT,/api/clinic/workforce/attendance/,api/clinic/workforce/attendance,Frontend/actions/workforce/workforce.ts,113
PUT,/api/clinic/workforce/attendance/${attendanceId}/checkout,api/clinic/workforce/attendance/{}/checkout,Frontend/actions/workforce/workforce.ts,113
GET,/api/clinic/workforce/absence,api/clinic/workforce/absence,Frontend/actions/workforce/workforce.ts,133
GET,/api/clinic/workforce/absence${toDateRangeQuery(filters)},api/clinic/workforce/absence,Frontend/actions/workforce/workforce.ts,133
POST,/api/clinic/workforce/absence,api/clinic/workforce/absence,Frontend/actions/workforce/workforce.ts,153
POST,/api/clinic/workforce/salary-payouts,api/clinic/workforce/salary-payouts,Frontend/actions/workforce/workforce.ts,176
POST,/api/clinic/workforce/daily-closing/generate,api/clinic/workforce/daily-closing/generate,Frontend/actions/workforce/workforce.ts,194
POST,/api/clinic/workforce/daily-closing/generate${query},api/clinic/workforce/daily-closing/generate,Frontend/actions/workforce/workforce.ts,194
GET,/api/clinic/workforce/daily-closing,api/clinic/workforce/daily-closing,Frontend/actions/workforce/workforce.ts,218
GET,/api/clinic/workforce/daily-closing${query ? ,api/clinic/workforce/daily-closing${query,Frontend/actions/workforce/workforce.ts,218